exp,accuracy,f1_macro
a,0.912,0.9111109162183054
b,0.912,0.9111109162183054
c,0.9113333333333333,0.9101839329109517
d,0.9086666666666666,0.9076002190111784
