class1,class2,jsd
Attractive,Hotel,0.03517290872851807
Attractive,Restaurant,0.04378886179002182
Hotel,Restaurant,0.03222031035742815
