title,album,lyrics,lyrics_clean
City Walls,Breach,"Square up with me, I can take your right, throw a left
Pair up with me, I'ma take you right to the chest
Warpath etched in the surface
Lines of the yellow tape, they're moving quiet like a
Serpentine in a formation
Buddy, that's my team, pretty impatient
Now they're waiting on me
It might be the furthest we've reached
Now move it up, move it up, it's a breach

I wonder where you are
I wanted you to show me
The way around those city walls
The way on through
I wonder where you are
I wanted you to show me
But now the night has fallen
Abandoned by the sun

Square up with me, I can come to you, tell me when
Pair up with me, I can run on you, in the end
I write a promise in pencil, but my loyalty's in pen
Use a mistake as a crooked stencil, then we trace it back again
From the mainland to the island of violence
It was the same plan for a while, decided
To send me up and rip you outta your seat
You see, in a city with no entrance, there is not a retreat
I'm wondering what you thought would happen, who you thought I would be
Was this a sideswipe or did you picture this in a dream?
Buckle down, this is possibly the furthest we've reached
Now move it up, move it up, it's a breach

I wonder where you are
I wanted you to show me
The way around those city walls
The way on through
I wonder where you are
I wanted you to show me
But now the night has fallen
Abandoned by the sun

Abandoned by the sun

My smile wraps around my head, splitting it in
Two, two, two, two
I don't have a clue how I can keep the top half
Glued, glued, glued, glued
My smile wraps around my head, splitting it in
Two, two, two, two
I don't have a clue how I can keep the top half
Glued, glued, glued, glued

I wonder where you are
I wanted you to show me

Entertain my, entertain my
Entertain my, entertain my
Entertain my, entertain my
Entertain my, entertain my faith
This is the last time, this is the last time
Entertain my faith
This is the last time that I try
Address my soul, address my soul, address my soul
Entertain my faith
This is the last time that I try","square up with me, i can take your right, throw a left
pair up with me, i'ma take you right to the chest
warpath etched in the surface
lines of the yellow tape, they're moving quiet like a
serpentine in a formation
buddy, that's my team, pretty impatient
now they're waiting on me
it might be the furthest we've reached
now move it up, move it up, it's a breach
i wonder where you are
i wanted you to show me
the way around those city walls
the way on through
i wonder where you are
i wanted you to show me
but now the night has fallen
abandoned by the sun
square up with me, i can come to you, tell me when
pair up with me, i can run on you, in the end
i write a promise in pencil, but my loyalty's in pen
use a mistake as a crooked stencil, then we trace it back again
from the mainland to the island of violence
it was the same plan for a while, decided
to send me up and rip you outta your seat
you see, in a city with no entrance, there is not a retreat
i'm wondering what you thought would happen, who you thought i would be
was this a sideswipe or did you picture this in a dream?
buckle down, this is possibly the furthest we've reached
now move it up, move it up, it's a breach
i wonder where you are
i wanted you to show me
the way around those city walls
the way on through
i wonder where you are
i wanted you to show me
but now the night has fallen
abandoned by the sun
abandoned by the sun
my smile wraps around my head, splitting it in
two, two, two, two
i don't have a clue how i can keep the top half
glued, glued, glued, glued
my smile wraps around my head, splitting it in
two, two, two, two
i don't have a clue how i can keep the top half
glued, glued, glued, glued
i wonder where you are
i wanted you to show me
entertain my, entertain my
entertain my, entertain my
entertain my, entertain my
entertain my, entertain my faith
this is the last time, this is the last time
entertain my faith
this is the last time that i try
address my soul, address my soul, address my soul
entertain my faith
this is the last time that i try"
RAWFEAR,Breach,"Raw fear
Raw fear

Raw fear moves me, sounds of empty Uzis
Life is just forever nipping heels, never slowing down
Raw fear moves me, sounds of empty Uzis
Life is just forever gripping feels, never slowing down

You know what scares me? Nah, it's stupid
You've met my fears, they're all regulars
Wait, who's the new kid?
You know what kills me? Not getting stronger
And now I can't seem to sit still any longer

Raw fear moves me, sounds of empty Uzis
Life is just forever nipping heels, nevеr slowing down
Raw fear moves me, sounds of еmpty Uzis
Life is just forever gripping feels, never slowing down
(I can't seem to sit still any longer)
Raw fear moves me, sounds of empty Uzis
Life is just forever gripping feels, never slowing down

(Never slowing down)
(Never slowing down)
(Never, never slowing down)
(Never slowing down)
(Never, never slowing down)
(Never slowing down)
(Never, never slowing down)

Learning all that really matters is a slow and painful lesson (Never slowing down, never slowing down)
It is not pass or fail, but a poisonous progression (Never slowing down, never slowing down)
Try to micro-dose to immunity but you'll never, ever get it (Never slowing down, never slowing down)
And I go, ah, ah, ah (Never slowing down)
""What's the matter?"" isn't helping (Never slowing down)
You go, ooh, ooh, ooh (Never slowing down)
I wish her parents would stop yelling (Never slowing down)
I could build a tower with the times I was pretending (Never slowing down)
Try to micro-dose to immunity but I'll never see the ending (Never slowing down)
And I go, ah, ah, ah (Never slowing down)
""What's the matter?"" isn't helping (Never slowing down)
You go, ooh, ooh, ooh (Never slowing down)
I wish her parents would stop yelling
You know what scares me? (Ah, ah, ah)
Nah, it's stupid
And you go, ooh, ooh, ooh
Wait, who's the new kid? (Never slowing down)
And you go, ah, ah, ah
Not getting stronger
And now I can't seem to sit still any longer

Raw fear moves me, sounds of empty Uzis (Ah, ah, ah)
Life is just forever nipping heels, never slowing down
Raw fear moves me, sounds of empty Uzis (Ah, ah, ah)
Life is just forever gripping feels, never slowing down
Raw fear moves me, sounds of empty Uzis (Ah, ah, ah)
Life is just forever nipping heels, never slowing down
Raw fear moves me, sounds of empty Uzis (Ah, ah, ah)
Life is just forever gripping feels, never slowing down","raw fear
raw fear
raw fear moves me, sounds of empty uzis
life is just forever nipping heels, never slowing down
raw fear moves me, sounds of empty uzis
life is just forever gripping feels, never slowing down
you know what scares me? nah, it's stupid
you've met my fears, they're all regulars
wait, who's the new kid?
you know what kills me? not getting stronger
and now i can't seem to sit still any longer
raw fear moves me, sounds of empty uzis
life is just forever nipping heels, nevеr slowing down
raw fear moves me, sounds of еmpty uzis
life is just forever gripping feels, never slowing down
raw fear moves me, sounds of empty uzis
life is just forever gripping feels, never slowing down
learning all that really matters is a slow and painful lesson
it is not pass or fail, but a poisonous progression
try to micro-dose to immunity but you'll never, ever get it
and i go, ah, ah, ah
""what's the matter?"" isn't helping
you go, ooh, ooh, ooh
i wish her parents would stop yelling
i could build a tower with the times i was pretending
try to micro-dose to immunity but i'll never see the ending
and i go, ah, ah, ah
""what's the matter?"" isn't helping
you go, ooh, ooh, ooh
i wish her parents would stop yelling
you know what scares me?
nah, it's stupid
and you go, ooh, ooh, ooh
wait, who's the new kid?
and you go, ah, ah, ah
not getting stronger
and now i can't seem to sit still any longer
raw fear moves me, sounds of empty uzis
life is just forever nipping heels, never slowing down
raw fear moves me, sounds of empty uzis
life is just forever gripping feels, never slowing down
raw fear moves me, sounds of empty uzis
life is just forever nipping heels, never slowing down
raw fear moves me, sounds of empty uzis
life is just forever gripping feels, never slowing down"
Drum Show,Breach,"Puttin' on a drum show
Ooh-ooh

Completed checklist for today
Now they have to let you out of your cage
Feelin' stuck between a rock and a home
Two places you do not want to go

So, so
He's puttin' on a drum show

Even now, even now, even now
He'll take the longer way home
Even now, even now, even now
He'll never ever say so
He drives fast just to feel it, feel it (Feel it)
He drives slow if his song's not over (Feel it)
Drown it out, drown it out

Show
Ooh-ooh

He'd rather feel something than nothing at all
So he swerves all around as his head starts to fall, turns it up
Stuck between a rock and a home
Two places he does not want to go

So, so
He's puttin' on a drum show

Even now, even now, even now
He'll take the longer way home (
I've been this way
)
Even now, even now, even now
He'll never ever say so (
I want to change
)
He drives fast just to feel it, feel it (Feel it)
He drives slow if his song's not over (Feel it)
Drown it out, drown it out
[Bridge: Josh Dun & 
Tyler Joseph
]
I've been this way
I want to change
I've been this way
I want to 
change

He's puttin' on a drum show

Even now, even now, even now
He'll take the longer way home (
I've been this way
)
Even now, well even now, well even now
He'll never ever say so (
I want to change
)
He drives fast just to feel it, feel it (Feel it)
He drives slow if his song's not over (
I've been this way
, feel it)
Drown it out, drown it out (
I want to change
)

I've been this way (
Feel it, feel it
)
I want to change (
Feel it, feel it
)
I've been this way (
Feel it, feel it
)
I want to—","puttin' on a drum show
ooh-ooh
completed checklist for today
now they have to let you out of your cage
feelin' stuck between a rock and a home
two places you do not want to go
so, so
he's puttin' on a drum show
even now, even now, even now
he'll take the longer way home
even now, even now, even now
he'll never ever say so
he drives fast just to feel it, feel it
he drives slow if his song's not over
drown it out, drown it out
show
ooh-ooh
he'd rather feel something than nothing at all
so he swerves all around as his head starts to fall, turns it up
stuck between a rock and a home
two places he does not want to go
so, so
he's puttin' on a drum show
even now, even now, even now
he'll take the longer way home (
i've been this way
)
even now, even now, even now
he'll never ever say so (
i want to change
)
he drives fast just to feel it, feel it
he drives slow if his song's not over
drown it out, drown it out
[bridge: josh dun &
tyler joseph
]
i've been this way
i want to change
i've been this way
i want to
change
he's puttin' on a drum show
even now, even now, even now
he'll take the longer way home (
i've been this way
)
even now, well even now, well even now
he'll never ever say so (
i want to change
)
he drives fast just to feel it, feel it
he drives slow if his song's not over (
i've been this way
, feel it)
drown it out, drown it out (
i want to change
)
i've been this way (
feel it, feel it
)
i want to change (
feel it, feel it
)
i've been this way (
feel it, feel it
)
i want to—"
Garbage,Breach,"I didn't do it
(One, two)

I feel like garbage
I feel like
My systems are operating at twenty percent

Or less
I'll walk you through the numbers
I'll show you nothing's left
Oh-oh

(Yeah, yeah) I'm biting down on my shirtsleeve
(Yeah, yeah) I'll lash out if you're in arm's reach
(Yeah, yeah) I'm so lost, like, what is happening?
Like, like
I feel like garbage

Ooh, yeah

I can't decide if
I could feel more or I just knew less
When I was younger
Bright-eyed with wonder
Do you know which name it's under? (Oh-oh-oh)

Or lеss
I'll walk you through the numbers
I'll show you nothing's left
Oh-oh

(Yеah, yeah) I'm biting down on my shirtsleeve
(Yeah, yeah) I'll lash out if you're in arm's reach
(Yeah, yeah) I'm so lost, like, what is happening?
Like, what is happening?

Would you move closer if I grew quieter?
Maybe this is you
Maybe you don't fix and you like it like this

I feel like garbage (Yeah)
I feel like garbage
I feel like (Yeah)
Like

I'll lash out, lash out, lash out (Hey)
I'm biting down on my shirtsleeve
Like, I'll lash out, lash out, lash out
Don't give up on me
Don't give up on me
No, no, no, please, please, please","i didn't do it
i feel like garbage
i feel like
my systems are operating at twenty percent
or less
i'll walk you through the numbers
i'll show you nothing's left
oh-oh
i'm biting down on my shirtsleeve
i'll lash out if you're in arm's reach
i'm so lost, like, what is happening?
like, like
i feel like garbage
ooh, yeah
i can't decide if
i could feel more or i just knew less
when i was younger
bright-eyed with wonder
do you know which name it's under?
or lеss
i'll walk you through the numbers
i'll show you nothing's left
oh-oh
i'm biting down on my shirtsleeve
i'll lash out if you're in arm's reach
i'm so lost, like, what is happening?
like, what is happening?
would you move closer if i grew quieter?
maybe this is you
maybe you don't fix and you like it like this
i feel like garbage
i feel like garbage
i feel like
like
i'll lash out, lash out, lash out
i'm biting down on my shirtsleeve
like, i'll lash out, lash out, lash out
don't give up on me
don't give up on me
no, no, no, please, please, please"
The Contract,Breach,"I check the doors, check the windows and pull the blinds
I check the clock, wondering what he'll pull this time
I have a feeling that necromancer's outside
And I'm just tryna stay quiet

I don't sleep much, that's crazy, how'd you know that?
Keep myself up, that's maybe how you know that
Ooh, promises and contracts I used to keep
I don't sleep much, that's crazy, how'd you know that?
Keep myself up, that's maybe how you know that
Ooh, my hallucination I used to see

Wake up and I find out, did a change up
Wait, did it change up?
Is it light out yet? Better find out, bet
Better walk around the edge of the room and the bed
Where I hide my face, pace around
Bеtter try to breathe, pacе around, pace around

I check the doors, check the windows, and pull the blinds
I check the clock, wondering what he'll pull this time
I have a feeling that necromancer's outside
And I'm just tryna stay quiet

I don't sleep much, that's crazy, how'd you know that?
Keep myself up, that's maybe how you know that
Ooh, promises and contracts I used to keep
I don't sleep much, that's crazy, how'd you know that?
Keep myself up, that's maybe how you know that
Ooh, my hallucination I used to see

I used to see
Sleep, I found, ooh

I wanna get out there (Ooh-ooh)
But I don't try (Ooh-ooh)
I wanna get out there (Ooh-ooh)
But I don't try (Ooh-ooh)

I check the clock, wondering what he'll pull this time
I have a feeling that necromancer's outside
And I'm just tryna stay quiet

I don't sleep much, that's crazy, how'd you know that?
I'll keep myself up, that's maybe how you know that
Ooh, promises and contracts I used to keep
I don't sleep much, that's crazy, how'd you know that?
Keep myself up, that's maybe how you know that
Ooh, my hallucination I used to see

I used to see
I used to see
Ooh, my hallucination I used to see

I used to see, it felt so real
But now I plead, just take the deal
I promised you a contract
I promised you a contract","i check the doors, check the windows and pull the blinds
i check the clock, wondering what he'll pull this time
i have a feeling that necromancer's outside
and i'm just tryna stay quiet
i don't sleep much, that's crazy, how'd you know that?
keep myself up, that's maybe how you know that
ooh, promises and contracts i used to keep
i don't sleep much, that's crazy, how'd you know that?
keep myself up, that's maybe how you know that
ooh, my hallucination i used to see
wake up and i find out, did a change up
wait, did it change up?
is it light out yet? better find out, bet
better walk around the edge of the room and the bed
where i hide my face, pace around
bеtter try to breathe, pacе around, pace around
i check the doors, check the windows, and pull the blinds
i check the clock, wondering what he'll pull this time
i have a feeling that necromancer's outside
and i'm just tryna stay quiet
i don't sleep much, that's crazy, how'd you know that?
keep myself up, that's maybe how you know that
ooh, promises and contracts i used to keep
i don't sleep much, that's crazy, how'd you know that?
keep myself up, that's maybe how you know that
ooh, my hallucination i used to see
i used to see
sleep, i found, ooh
i wanna get out there
but i don't try
i wanna get out there
but i don't try
i check the clock, wondering what he'll pull this time
i have a feeling that necromancer's outside
and i'm just tryna stay quiet
i don't sleep much, that's crazy, how'd you know that?
i'll keep myself up, that's maybe how you know that
ooh, promises and contracts i used to keep
i don't sleep much, that's crazy, how'd you know that?
keep myself up, that's maybe how you know that
ooh, my hallucination i used to see
i used to see
i used to see
ooh, my hallucination i used to see
i used to see, it felt so real
but now i plead, just take the deal
i promised you a contract
i promised you a contract"
Downstairs,Breach,"You can have all I've made and all I've ever known
You can have both my lungs if you ask me so
'Cause I-I-I want to be the one after your own heart
And I-I-I might doubt the process like I doubted the start

So I'm beggin', oh-oh-oh, mercy
I'm beggin', oh-oh-oh, mercy

Downstairs, I feel better in the cellar
Down there, it's some shelter from the weather
I wear all of my heart on my sleeve
I'll take what I believe, and I'm hiding it
Downstairs, I feel better in the cellar
Down there, it's some shelter from the weather
I wear all of my heart on my sleeve
I'll take what I believe, and I'm hiding it

Feeling like I'm nothing, feeling like I'm run down
Was afraid of nothing, now I'm just ashamed how
I hide my face from you

So I'm beggin', oh-oh-oh, mercy
I'm beggin', oh-oh-oh, mercy

Downstairs, I feel better in the cellar
Down there, it's some shelter from the weather
I wear all of my heart on my sleeve
I'll take what I believe, and I'm hiding it
Downstairs, I feel better in the cellar
Down there, it's some shelter from the weather
I wear all of my heart on my sleeve
I'll take what I believe, and I'm hiding it

Oh, what have I become?
Dirty and wretched one
Am I unholy land?
Have I forced your hand?

Oh, woah-oh, woah-oh, mercy, yeah
Oh, woah-oh, woah-oh, mercy, yeah

Down there, it's some shelter from the weather
I wear all of my heart on my sleeve
I'll take what I believe, and I'm hiding it
Downstairs, I feel better in the cellar
Down there, it's some shelter from the weather
I wear all of my heart on my sleeve
I'll take what I believe, and I'm hiding it
Downstairs (You can have), I feel better in the cellar (All I've made)
Down there, it's some shelter from the weather (All I've ever known)
I wear (You can have) all of my heart on my sleeve (Both my lungs)
I'll take what I believe, and I'm hiding it, yeah (If you ask me so, oh)

And I'm hiding it, yeah ('Cause I want to be the one)
And I'm hiding it, yeah (After your own heart)
And I'm hiding it, yeah, oh (And I might doubt the process like I doubt the start)

You can have all I've made and all I've ever known
You can have both my lungs if you ask me so
'Cause I want to be the one after your own heart
And I might doubt the process like I doubt the start","you can have all i've made and all i've ever known
you can have both my lungs if you ask me so
'cause i-i-i want to be the one after your own heart
and i-i-i might doubt the process like i doubted the start
so i'm beggin', oh-oh-oh, mercy
i'm beggin', oh-oh-oh, mercy
downstairs, i feel better in the cellar
down there, it's some shelter from the weather
i wear all of my heart on my sleeve
i'll take what i believe, and i'm hiding it
downstairs, i feel better in the cellar
down there, it's some shelter from the weather
i wear all of my heart on my sleeve
i'll take what i believe, and i'm hiding it
feeling like i'm nothing, feeling like i'm run down
was afraid of nothing, now i'm just ashamed how
i hide my face from you
so i'm beggin', oh-oh-oh, mercy
i'm beggin', oh-oh-oh, mercy
downstairs, i feel better in the cellar
down there, it's some shelter from the weather
i wear all of my heart on my sleeve
i'll take what i believe, and i'm hiding it
downstairs, i feel better in the cellar
down there, it's some shelter from the weather
i wear all of my heart on my sleeve
i'll take what i believe, and i'm hiding it
oh, what have i become?
dirty and wretched one
am i unholy land?
have i forced your hand?
oh, woah-oh, woah-oh, mercy, yeah
oh, woah-oh, woah-oh, mercy, yeah
down there, it's some shelter from the weather
i wear all of my heart on my sleeve
i'll take what i believe, and i'm hiding it
downstairs, i feel better in the cellar
down there, it's some shelter from the weather
i wear all of my heart on my sleeve
i'll take what i believe, and i'm hiding it
downstairs , i feel better in the cellar
down there, it's some shelter from the weather
i wear all of my heart on my sleeve
i'll take what i believe, and i'm hiding it, yeah
and i'm hiding it, yeah
and i'm hiding it, yeah
and i'm hiding it, yeah, oh
you can have all i've made and all i've ever known
you can have both my lungs if you ask me so
'cause i want to be the one after your own heart
and i might doubt the process like i doubt the start"
Robot Voices,Breach,"One, two, three, four
Three, fourOne, two, three, four

They keep me company
The robots and machines in my room
An understanding
The beeps and tones they make
The only advice I take
The inside jokes are landing (The inside jokes are landing)
Now I'm waiting for the changes (Now I'm waitin' for the changes)
Everyone sees (Everyone sees)
Feeling so fancy (Feeling so fancy)

And I just wanna dance in style and stay a while (Wanna, I just wanna, I just wanna)
The lines on the floor (Lines on the floor)
How did you find me? (How did you find me?)

(Woo!)
I wasn't lookin' for love this year
But my robot told me that I shouldn't fear
When I met you, I found you safe and warm
Then the robot voices would reassure me

One, two, three, four

The half-drawn blinds
Casting lines on the floor
As my metal friend flashes in time
The daisy-chained power strips generating
A newfound loneliness
So, I'm waiting for the changes (Now I'm waitin' the changes)
Everyone sees (Everyone sees)
Feeling so fancy (Feeling so fancy!)

And I just wanna dance in style and stay a while (Wanna, I just wanna, I just wanna)
The lines on the floor (Lines on the floor)
How did you find me? (How did you find me?)

(Woo!)
I wasn't lookin' for love this year
But my robot told me that I shouldn't fear
When I met you, I found you safe and warm
Then the robot voices would reassure me
I wasn't lookin' for love this year (I wasn't looking)
But my robot told me that I shouldn't fear
When I met you, I found you safe and warm
Then the robot voices would reassure me (Oh, oh)

When I met you, I found you safe and warm
And the robot voices would reassure me","one, two, three, four
three, fourone, two, three, four
they keep me company
the robots and machines in my room
an understanding
the beeps and tones they make
the only advice i take
the inside jokes are landing
now i'm waiting for the changes
everyone sees
feeling so fancy
and i just wanna dance in style and stay a while
the lines on the floor
how did you find me?
i wasn't lookin' for love this year
but my robot told me that i shouldn't fear
when i met you, i found you safe and warm
then the robot voices would reassure me
one, two, three, four
the half-drawn blinds
casting lines on the floor
as my metal friend flashes in time
the daisy-chained power strips generating
a newfound loneliness
so, i'm waiting for the changes
everyone sees
feeling so fancy
and i just wanna dance in style and stay a while
the lines on the floor
how did you find me?
i wasn't lookin' for love this year
but my robot told me that i shouldn't fear
when i met you, i found you safe and warm
then the robot voices would reassure me
i wasn't lookin' for love this year
but my robot told me that i shouldn't fear
when i met you, i found you safe and warm
then the robot voices would reassure me
when i met you, i found you safe and warm
and the robot voices would reassure me"
Center Mass,Breach,"(Right)
I figured out how it sounded (Right this way)
It goes (Right)
My death (Right this way)
Girl, I really don't think you should take that
(
Josh Dun
, 
take that
)

A little softer than I used to be (Right)
Used to mouth off often with artillery
Now it is cough drops and soft spots in a middle seat (Right this way)
Chivalry (
Take that
)
A tighter space than I used to know (Right)
Spread out wide no more, pinch my shoulders close
Hoping they misplace my reservation (Right this way)

Okay, okay
I thought you had it figured out
I know, I know
You said you made it to the top
I lied, I lied
So, tell us, how did you make out all right?
Well

I pull on my shirtsleeve to cover half of my hands
Bring my arms closer to my body, get as small as I can
They call it cеnter mass, that part they aim for
Shrink it down to nothing and forgetting what thе pain's for
I pull on my shirtsleeve (My shirtsleeve), to cover half of my face (Half of my face)
Bring my arms closer to my body, get as small as they say (Small as they say)
They call it center mass, that part they aim for (That's blasphemy)

Right this way if you're frustrated (Right)
Your first mate in the fifth grade tried to persuade
Try it once, he was shown on the bus (Right this way)
Chain's off my huff, anxious enough as it is (Right)
Gotta walk, never looking up once at the kids in the park
What a day, getting dark, what a day (Right this way)

Okay, okay
I thought you had it figured out (I thought you had it figured out)
I know, I know
You said you made it to the top (You said you made it to the top)
I lied, I lied
So, tell us, how did you make out all right?
Well

I pull on my shirtsleeve (My shirtsleeve), to cover half of my hands (Half of my hands)
Bring my arms closer to my body, get as small as I can (Small as I can)
They call it center mass, that part they aim for
Shrink it down to nothing and forgetting what the pain's for
I pull on my shirtsleeve (My shirtsleeve), to cover half of my face (Half of my face)
Bring my arms closer to my body, get as small as they say (Small as they say)
They call it center mass, that part they aim for
Shrink it down to nothing and forgetting what the pain's for
That part they aim for

Found out what I'm worth, I run to you
I hope you understand this run-on sentence
My tattoos only hurt when meaning fades
I think my skin got worse with good intentions
I don't wanna say what happened, I just wanna let it go
Nothing was the same right after I went to the funeral
I miss you so, so much, take what you want
Take what you want from me, took you for granted

They call it center mass, that part they aim for
That part they aim for (
Josh Dun
)
That part they aim for
That part they aim for","i figured out how it sounded
it goes
my death
girl, i really don't think you should take that
(
josh dun
,
take that
)
a little softer than i used to be
used to mouth off often with artillery
now it is cough drops and soft spots in a middle seat
chivalry (
take that
)
a tighter space than i used to know
spread out wide no more, pinch my shoulders close
hoping they misplace my reservation
okay, okay
i thought you had it figured out
i know, i know
you said you made it to the top
i lied, i lied
so, tell us, how did you make out all right?
well
i pull on my shirtsleeve to cover half of my hands
bring my arms closer to my body, get as small as i can
they call it cеnter mass, that part they aim for
shrink it down to nothing and forgetting what thе pain's for
i pull on my shirtsleeve , to cover half of my face
bring my arms closer to my body, get as small as they say
they call it center mass, that part they aim for
right this way if you're frustrated
your first mate in the fifth grade tried to persuade
try it once, he was shown on the bus
chain's off my huff, anxious enough as it is
gotta walk, never looking up once at the kids in the park
what a day, getting dark, what a day
okay, okay
i thought you had it figured out
i know, i know
you said you made it to the top
i lied, i lied
so, tell us, how did you make out all right?
well
i pull on my shirtsleeve , to cover half of my hands
bring my arms closer to my body, get as small as i can
they call it center mass, that part they aim for
shrink it down to nothing and forgetting what the pain's for
i pull on my shirtsleeve , to cover half of my face
bring my arms closer to my body, get as small as they say
they call it center mass, that part they aim for
shrink it down to nothing and forgetting what the pain's for
that part they aim for
found out what i'm worth, i run to you
i hope you understand this run-on sentence
my tattoos only hurt when meaning fades
i think my skin got worse with good intentions
i don't wanna say what happened, i just wanna let it go
nothing was the same right after i went to the funeral
i miss you so, so much, take what you want
take what you want from me, took you for granted
they call it center mass, that part they aim for
that part they aim for (
josh dun
)
that part they aim for
that part they aim for"
Cottonwood,Breach,"Can't believe you're gone for good
Someone chopped you down
Thought you'd just fall in the woods
But she heard that sound
No, I don't, no, I don't remember
Last we spoke
No, I don't, no, I don't remember
Remember, remember, remember

I look back in time through a telescope
I've been catching my
I've been catching my
My reflection already looking

Most are blown down in a storm
But the wind was tame
You weren't waiting anymore
Were you sad or brave?
No I don't, no, I don't condemn you
Back and forth
No I don't, no, I don't condemn you
Condemn you, condemn you, condemn you

I look back in time through a telescope
I've been catching my
I've been catching my
My reflection already looking

You tore me up more than you know
You tore me up more than you know
You tore me up more than you know
You tore me up

I look back in time through a telescope
I've been catching my
I've been catching my
My reflection already looking","can't believe you're gone for good
someone chopped you down
thought you'd just fall in the woods
but she heard that sound
no, i don't, no, i don't remember
last we spoke
no, i don't, no, i don't remember
remember, remember, remember
i look back in time through a telescope
i've been catching my
i've been catching my
my reflection already looking
most are blown down in a storm
but the wind was tame
you weren't waiting anymore
were you sad or brave?
no i don't, no, i don't condemn you
back and forth
no i don't, no, i don't condemn you
condemn you, condemn you, condemn you
i look back in time through a telescope
i've been catching my
i've been catching my
my reflection already looking
you tore me up more than you know
you tore me up more than you know
you tore me up more than you know
you tore me up
i look back in time through a telescope
i've been catching my
i've been catching my
my reflection already looking"
One Way,Breach,"I wanted to fly
But they say a system's coming in
The chances are high
That this is a
One way, one way, one way, one way

Am I dreaming?
If it’s so
Can I take back who I was before?
If it's no
Then all my dreams have
Not been interesting in a while
This has not been interesting in a while, while, while

I wanted to fly
But they say a system's coming in
The chances are high
That this is a
One way, one way, one way, one way, one way (Ooh)

Me and my scene just ain’t gelling
Someone next to me keeps yelling
Why am I still walking?
Something must be wrong here
I just don't belong here

I wanted to fly
But they say a system's coming in
Chances are high
That this is a
One way, one way, one way, one way, one
I wanted to fly
But they say a system's coming in
The chances are high
That this is a
One way, one way, one
That this is a
One way, one way, one
That this is a
One way, one way
(This is a)

Hey it's Josh, call me back
Uh, I'm not opposed to ""One Way"" going into ""Days Lie Dormant""
But it does feel like quite a vibe change
And, uhh","i wanted to fly
but they say a system's coming in
the chances are high
that this is a
one way, one way, one way, one way
am i dreaming?
if it’s so
can i take back who i was before?
if it's no
then all my dreams have
not been interesting in a while
this has not been interesting in a while, while, while
i wanted to fly
but they say a system's coming in
the chances are high
that this is a
one way, one way, one way, one way, one way
me and my scene just ain’t gelling
someone next to me keeps yelling
why am i still walking?
something must be wrong here
i just don't belong here
i wanted to fly
but they say a system's coming in
chances are high
that this is a
one way, one way, one way, one way, one
i wanted to fly
but they say a system's coming in
the chances are high
that this is a
one way, one way, one
that this is a
one way, one way, one
that this is a
one way, one way
hey it's josh, call me back
uh, i'm not opposed to ""one way"" going into ""days lie dormant""
but it does feel like quite a vibe change
and, uhh"
Days Lie Dormant,Breach,"Uh

You say I should chase it
I'll never say no
Too narrow and too tight
Somewhere you can't follow

You say with your face
Something else altogether

My days lie dormant
'Cause I just can't afford it
To waste time in a city
Where no one knows your name
My days lie dormant
'Cause I just can't afford it
To waste my time inside a place you're not
Don't make me waste my love
It's everything I've got

You say, ""Don't worry 'bout me though
It looks so much warmer there""
And I should try Topo Chico
And get some more sun

But you say with your face
Somеthing else altogethеr

My days lie dormant
'Cause I just can't afford it
To waste time in a city
Where no one knows your name
My days lie dormant
'Cause I just can't afford it
To waste my time inside a place you're not
Don't make me waste my love
It's everything I've got

My days lie dormant
Frozen and distorted
Robbed of my momentum
And suspended in the air
My days lie dormant
It's feeling less important
To waste my time inside a place you're not
Don't make me waste my love
It's everything I've got
Yeah-yeah-yeah-yeah
Yeah-yeah-yeah-yeah
Yeah-yeah-yeah-yeah
Yeah-yeah-yeah-yeah

My days lie dormant
'Cause I just can't afford it
To waste time in a city
Where no one knows your name
My days lie dormant
'Cause I just can't afford it
To waste my time inside a place you're not
Don't make me waste my love
It's everything I've got","uh
you say i should chase it
i'll never say no
too narrow and too tight
somewhere you can't follow
you say with your face
something else altogether
my days lie dormant
'cause i just can't afford it
to waste time in a city
where no one knows your name
my days lie dormant
'cause i just can't afford it
to waste my time inside a place you're not
don't make me waste my love
it's everything i've got
you say, ""don't worry 'bout me though
it looks so much warmer there""
and i should try topo chico
and get some more sun
but you say with your face
somеthing else altogethеr
my days lie dormant
'cause i just can't afford it
to waste time in a city
where no one knows your name
my days lie dormant
'cause i just can't afford it
to waste my time inside a place you're not
don't make me waste my love
it's everything i've got
my days lie dormant
frozen and distorted
robbed of my momentum
and suspended in the air
my days lie dormant
it's feeling less important
to waste my time inside a place you're not
don't make me waste my love
it's everything i've got
yeah-yeah-yeah-yeah
yeah-yeah-yeah-yeah
yeah-yeah-yeah-yeah
yeah-yeah-yeah-yeah
my days lie dormant
'cause i just can't afford it
to waste time in a city
where no one knows your name
my days lie dormant
'cause i just can't afford it
to waste my time inside a place you're not
don't make me waste my love
it's everything i've got"
Tally,Breach,"I lost my rank and title
I turned my back on it
Sold it all at a discount (Yeah, yeah)
I wanted to progress things
I wanted my soul set free
Lost it all at a discount (Yeah, yeah)

You and I both know just how this story goes
We've seen it several times (Yeah, yeah)
It's kinda hard to know, is there a point at all?
Or should we cut the line?

You want a tally, I lost the count
You want to love me, I'll let you down
Still now, you believe in me somehow
When I replay it in my mind
I see your heart break every time
Still now, you believe in me somehow

You believe in me somehow
You believe in me somehow

I liken our fight to two lightning strikes strike on cue
Like right when a storm hits, sights set (Yeah, yeah)
Right set, circumstantial proof
You should go your way, I should try mine
Even though we both know
We should just cut the line (Yeah, yeah)

You want a tally, I lost the count
You want to love me, I'll let you down
Still now, you believe in me somehow
When I replay it in my mind
I see your heart break every time
Still now, you believe in me somehow

Somehow, somehow (Ooh, ooh)
You believe in me somehow
Ooh

Ooh, somehow I figured you were keeping track of every time
Just figured you were keeping track of every time
I let you down, I breached your trust, I let you die
Just figured you were keeping track of every time
You were keeping track

You want a tally, I lost the count (You want a tally)
You want to love me (You want to love me), I'll let you down
Still now (Still now), you believe in me somehow (You believe in me somehow)
When I replay it in my mind (When I replay it)
I see your heart break every time (I see your heart break)
Still now (Still now), you believe in me somehow

Yeah, yeah","i lost my rank and title
i turned my back on it
sold it all at a discount
i wanted to progress things
i wanted my soul set free
lost it all at a discount
you and i both know just how this story goes
we've seen it several times
it's kinda hard to know, is there a point at all?
or should we cut the line?
you want a tally, i lost the count
you want to love me, i'll let you down
still now, you believe in me somehow
when i replay it in my mind
i see your heart break every time
still now, you believe in me somehow
you believe in me somehow
you believe in me somehow
i liken our fight to two lightning strikes strike on cue
like right when a storm hits, sights set
right set, circumstantial proof
you should go your way, i should try mine
even though we both know
we should just cut the line
you want a tally, i lost the count
you want to love me, i'll let you down
still now, you believe in me somehow
when i replay it in my mind
i see your heart break every time
still now, you believe in me somehow
somehow, somehow
you believe in me somehow
ooh
ooh, somehow i figured you were keeping track of every time
just figured you were keeping track of every time
i let you down, i breached your trust, i let you die
just figured you were keeping track of every time
you were keeping track
you want a tally, i lost the count
you want to love me , i'll let you down
still now , you believe in me somehow
when i replay it in my mind
i see your heart break every time
still now , you believe in me somehow
yeah, yeah"
Intentions,Breach,"I am starting it all over once again
Did I learn a thing?

(hoo-hoo-hoo, hoo-hoo-hoo, hoo-hoo-hoO)
Intentions are everything
(hoo-hoo-hoo, hoo-hoo-hoo, hoo-hoo-hoO)
Intentions will set you free

You will fail most every day and every way
Did you learn a thing?

(hoo-hoo-hoo, hoo-hoo-hoo, hoo-hoo-hoO)
Intentions lack memory
(hoo-hoo-hoo, hoo-hoo-hoo, hoo-hoo-hoO)
Intentions will set you free

Just try to be","i am starting it all over once again
did i learn a thing?
intentions are everything
intentions will set you free
you will fail most every day and every way
did you learn a thing?
intentions lack memory
intentions will set you free
just try to be"
Overcompensate,Clancy,"(
Diese kleine unheimliche Insel hat mich zu einer Waffe gemacht
)
(
Wir glauben beide—
)
(
Cette petite île étrange a fait de moi une arme
)
(
Nous croyons tous les deux que nous pouvons l'utiliser pour changer l'élan de cette guerre
)
(
Esta pequeña isla espeluznante me ha convertido en un arma
)
(
Ambos creemos que podemos usarlo para cambiar el impulso de esta guerra
)
Welcome back to Trench
Welcome back to Trench

I created this world
To feel some control
Destroy it if I want
So I sing Sahlo Folina
Sahlo Folina
(Wait, what? Wait, what?)
(Wait, what? Wait, what?)

Earned my stripes, three hundred tracks in my Adidas track jacket
Bless your ear holes while you react, acting
Gobsmacked, don't hesitate
To maybe overcompensate
I feel like I was just here, same twitchin' in my eyes
Don't sleep on a boy who can't fall asleep twice
In the same night, and won't hesitate
To maybe overcompensate

I said I fly by the dangerous bend symbol (Wait, what? Wait, what?)
Mm, don't hesitate to maybe overcompensate
And then by the time I catch in my peripheral (Wait, what? Wait, what?)
Mm, don't hesitate to maybe overcompensate

Where am I from? I was born right here, just now
Originated right in front of your eyes
If you can't see, I am Clancy, prodigal son
Done running, come up with Josh Dun, wanted dead or alive
So now you pick who you serve, you bow to the masses
Get kicked to the curb for passin' the classes
Half empty, half full, save half for your taxes
Then overtake your former self

I fly by the dangerous bend symbol (Wait, what? Wait, what?)
Mm, don't hesitate to maybe overcompensate
And then by the time I catch in my peripheral (Wait, what? Wait, what?)
Mm, don't hesitate to maybe overcompensate

Days feel like a perfect length
I don't need them any longer, but for goodness' sake
Do the years seem way too short for my soul, corazón
Way too short for my soul, corazón
The days feel like a perfect length
I don't need them any longer, but for goodness' sake
Do the years seem way too short for my soul, corazón
Way too short for my soul, corazón

Earned my stripes, three hundred tracks in my Adidas track jacket
Bless your ear holes while you react, acting
Gobsmacked, don't hesitate
To maybe overcompensate

I said I fly by the dangerous bend symbol (Wait, what? Wait, what?)
Mm, don't hesitate to maybe overcompensate
And then by the time I catch in my peripheral (Wait, what? Wait, what?)
Mm, don't hesitate to maybe overcompensate","(
diese kleine unheimliche insel hat mich zu einer waffe gemacht
)
(
wir glauben beide—
)
(
cette petite île étrange a fait de moi une arme
)
(
nous croyons tous les deux que nous pouvons l'utiliser pour changer l'élan de cette guerre
)
(
esta pequeña isla espeluznante me ha convertido en un arma
)
(
ambos creemos que podemos usarlo para cambiar el impulso de esta guerra
)
welcome back to trench
welcome back to trench
i created this world
to feel some control
destroy it if i want
so i sing sahlo folina
sahlo folina
earned my stripes, three hundred tracks in my adidas track jacket
bless your ear holes while you react, acting
gobsmacked, don't hesitate
to maybe overcompensate
i feel like i was just here, same twitchin' in my eyes
don't sleep on a boy who can't fall asleep twice
in the same night, and won't hesitate
to maybe overcompensate
i said i fly by the dangerous bend symbol
mm, don't hesitate to maybe overcompensate
and then by the time i catch in my peripheral
mm, don't hesitate to maybe overcompensate
where am i from? i was born right here, just now
originated right in front of your eyes
if you can't see, i am clancy, prodigal son
done running, come up with josh dun, wanted dead or alive
so now you pick who you serve, you bow to the masses
get kicked to the curb for passin' the classes
half empty, half full, save half for your taxes
then overtake your former self
i fly by the dangerous bend symbol
mm, don't hesitate to maybe overcompensate
and then by the time i catch in my peripheral
mm, don't hesitate to maybe overcompensate
days feel like a perfect length
i don't need them any longer, but for goodness' sake
do the years seem way too short for my soul, corazón
way too short for my soul, corazón
the days feel like a perfect length
i don't need them any longer, but for goodness' sake
do the years seem way too short for my soul, corazón
way too short for my soul, corazón
earned my stripes, three hundred tracks in my adidas track jacket
bless your ear holes while you react, acting
gobsmacked, don't hesitate
to maybe overcompensate
i said i fly by the dangerous bend symbol
mm, don't hesitate to maybe overcompensate
and then by the time i catch in my peripheral
mm, don't hesitate to maybe overcompensate"
Next Semester,Clancy,"No-no-no, no-no-no
No-no-no-no-no, no-no-no-no-no
No-no-no-no-no, no-no-no-no

Stand up straight now (Ooh-ooh-ooh)
Can't break down (Ooh-ooh-ooh-ooh)
Graduate now (Ooh-ooh-ooh)
I don't wanna be here, I don't wanna be here
It's a taste test (Ooh-ooh-ooh)
Of what I hate less (Ooh-ooh-ooh-ooh)
Can you die of anxiousness? (Ooh-ooh-ooh)
I don't wanna be here, I don't wanna be here
What's about to happen? What's about to happen?

I remember
I remember certain things
What I was wearin'
The yellow dashes in the street
I prayed those lights would take me home
Then I heard, ""Hey, kid, get out of the road!"" (Yeah)

(Ooh-ooh-ooh, ooh-ooh-ooh-ooh, ooh-ooh-ooh)
I don't wanna be here, I don't wanna be here

Can't feel my legs (Ooh-ooh-ooh)
I might suffocate (Ooh-ooh-ooh-ooh)
There's a pressure in my chest (Ooh-ooh-ooh)
I don't wanna be here, I don't wanna be here
What's about to happen? What's about to happen?

I remember
I remember certain things
What I was wearin'
The yellow dashes in the street
I prayed those lights would take me home
Then I heard, ""Hey, kid, get out of the road!""

(Oh, woah, oh, oh-woah)
(Oh, woah, oh, oh-woah, oh)
Can't change what you've done
Start fresh next semester

I remember
I remember certain things
What I was wearin'
The yellow dashes in the street
I prayed those lights would take me home
Then I heard, ""Hey, kid, get out of the road!""

(Oh, woah, oh, oh-woah) And then he slowed down
(Oh, woah, oh, oh-woah, oh) And rolled down his window
And he said
""Can't change what you've done
Start fresh next semester""

It's a taste test
Of what I hate less
I don't wanna be here
Start fresh with the new year
(Oh, ah, oh, oh-woah)
(Oh, ah, oh, oh-woah)
Can't change what you've done
Start fresh next semester","no-no-no, no-no-no
no-no-no-no-no, no-no-no-no-no
no-no-no-no-no, no-no-no-no
stand up straight now
can't break down
graduate now
i don't wanna be here, i don't wanna be here
it's a taste test
of what i hate less
can you die of anxiousness?
i don't wanna be here, i don't wanna be here
what's about to happen? what's about to happen?
i remember
i remember certain things
what i was wearin'
the yellow dashes in the street
i prayed those lights would take me home
then i heard, ""hey, kid, get out of the road!""
i don't wanna be here, i don't wanna be here
can't feel my legs
i might suffocate
there's a pressure in my chest
i don't wanna be here, i don't wanna be here
what's about to happen? what's about to happen?
i remember
i remember certain things
what i was wearin'
the yellow dashes in the street
i prayed those lights would take me home
then i heard, ""hey, kid, get out of the road!""
can't change what you've done
start fresh next semester
i remember
i remember certain things
what i was wearin'
the yellow dashes in the street
i prayed those lights would take me home
then i heard, ""hey, kid, get out of the road!""
and then he slowed down
and rolled down his window
and he said
""can't change what you've done
start fresh next semester""
it's a taste test
of what i hate less
i don't wanna be here
start fresh with the new year
can't change what you've done
start fresh next semester"
Backslide,Clancy,"(I don't wanna)

Rat race, place to place, adding weight
Tendencies on repeat, innit?
Benefit from a shoe with no lace
Take the seat with the crease in it
I don't mind if it's lonely
I don't mind if it's fair
I don't care, you control me
Leading me anywhere

I don't wanna backslide to where I've started from
There's no chance I will shake this again
'Cause I feel the pull, water's over my head
Strength enough for onе more time
Reach my hand abovе the tide
I'll take anything you have
If you could throw me a line
I should've loved you better
Do you think that now's the time
You should let go?
It's over my head

Bad place, on a hundred-dollar bass
Kinda wishin' that I never did ""Saturday""
""Is that a stain? You should change
Are you doin' good?
Did you solve all of your problems?""
Thanks for asking, in a way, but
Accidentally uncovered a new one yesterday
What happened to what I brushed under the rug?
I used to be the champion of a world you can't see
Now I'm drowning in logistics

I don't wanna backslide to where I've started from
There's no chance I will shake this again
'Cause I feel the pull, water's over my head
Strength enough for one more time
Reach my hand above the tide
I'll take anything you have
If you could throw me a line
I should've loved you better
Do you think that now's the time
You should let go?

I don't mind if it's lonely (It's over my head)
I don't mind if it's fair (You should let go)
I don't care, you control me (It's over my head)
Leading me anywhere

I'll take anything you have
If you could throw me a line
I should've loved you better
Do you think that now's the time
You should let go? (I don't mind if it's lonely)
It's over my head (I don't mind if it's fair)
You should let go
It's over my head

I don't wanna backslide","rat race, place to place, adding weight
tendencies on repeat, innit?
benefit from a shoe with no lace
take the seat with the crease in it
i don't mind if it's lonely
i don't mind if it's fair
i don't care, you control me
leading me anywhere
i don't wanna backslide to where i've started from
there's no chance i will shake this again
'cause i feel the pull, water's over my head
strength enough for onе more time
reach my hand abovе the tide
i'll take anything you have
if you could throw me a line
i should've loved you better
do you think that now's the time
you should let go?
it's over my head
bad place, on a hundred-dollar bass
kinda wishin' that i never did ""saturday""
""is that a stain? you should change
are you doin' good?
did you solve all of your problems?""
thanks for asking, in a way, but
accidentally uncovered a new one yesterday
what happened to what i brushed under the rug?
i used to be the champion of a world you can't see
now i'm drowning in logistics
i don't wanna backslide to where i've started from
there's no chance i will shake this again
'cause i feel the pull, water's over my head
strength enough for one more time
reach my hand above the tide
i'll take anything you have
if you could throw me a line
i should've loved you better
do you think that now's the time
you should let go?
i don't mind if it's lonely
i don't mind if it's fair
i don't care, you control me
leading me anywhere
i'll take anything you have
if you could throw me a line
i should've loved you better
do you think that now's the time
you should let go?
it's over my head
you should let go
it's over my head
i don't wanna backslide"
Midwest Indigo,Clancy,"Reachin' out on my way home
You can be so cold, I'll try again
You make me sad and second-guess myself
You can be so cold

Reachin' out on my way home
You can be so cold, I'll try again
You make me sad and second-guess myself
You can be so cold, Midwest Indigo

Running late so I didn't have the time
To scrape the frosted windshield like we're barely scrapin' by
Concentrate on the little gap in the ice
That seems to be about as wide as our chances

Did you pull up yet? (Not yet)
Did you forgеt we're tight on time?

Rеachin' out on my way home
You can be so cold, I'll try again
You make me sad and second-guess myself
You can be so cold, Midwest Indigo

Cloud coverage matched my outfit to a knife
I requested counsel with the counselor and he cancelled twice
It's a different blue, it's deeper than it's been
I'll be pulling into the parking lot before the heat kicks in

What's your ETA? (Two minutes)
Chill out, man, we're right on time

Reachin' out on my way home
You can be so cold, I'll try again
You make me sad and second-guess myself
You can be so cold, Midwest Indigo

And I want love and sunny days
I'm a bit too old to run away
You make me sad and second-guess myself
You can be so cold
You can be so cold
Midwest Indigo","reachin' out on my way home
you can be so cold, i'll try again
you make me sad and second-guess myself
you can be so cold
reachin' out on my way home
you can be so cold, i'll try again
you make me sad and second-guess myself
you can be so cold, midwest indigo
running late so i didn't have the time
to scrape the frosted windshield like we're barely scrapin' by
concentrate on the little gap in the ice
that seems to be about as wide as our chances
did you pull up yet?
did you forgеt we're tight on time?
rеachin' out on my way home
you can be so cold, i'll try again
you make me sad and second-guess myself
you can be so cold, midwest indigo
cloud coverage matched my outfit to a knife
i requested counsel with the counselor and he cancelled twice
it's a different blue, it's deeper than it's been
i'll be pulling into the parking lot before the heat kicks in
what's your eta?
chill out, man, we're right on time
reachin' out on my way home
you can be so cold, i'll try again
you make me sad and second-guess myself
you can be so cold, midwest indigo
and i want love and sunny days
i'm a bit too old to run away
you make me sad and second-guess myself
you can be so cold
you can be so cold
midwest indigo"
Routines in the Night,Clancy,"Walk the layout, routines in the night
Some doors have ""Stay out"" spray-painted in white
While all the world's asleep, I walk around instead
Through the memories, down the halls of my head
Walk the layout, routines in the night
Some doors have ""Stay out"" spray-painted in white
While all the world's asleep, I walk around instead
Through the memories, down the halls of my head

Here comes a new night, but I'll send it through
I'll probably jump on the next one
I'm testing the limits of what a mind can do
I'm keeping my eyelids up, no mattеr what

So beautiful, the space bеtween
A painful reminder and a terrible dream
I've been here before and I've got time
I'll give you the tour, show you why I

Walk the layout, routines in the night
Some doors have ""Stay out"" spray-painted in white
While all the world's asleep, I walk around instead
Through the memories, down the halls of my head

Reoccurring, keeps comin' around
REM cycle skip, night psycho trip
It's reassuring you keep comin' around
It's tough to find good company
Reoccurring, days blurring
I'm still learning what this is (What this is, what this is, what this is)
Just keep me company

So beautiful, the space between
A painful reminder and a terrible dream
I've been here before and I've got time
I'll give you the tour, show you why I
I'll show you why I
I'll show you why I

Walk the layout (The layout), routines in the night (In the night)
Some doors have ""Stay out"" (""Stay out"") spray-painted in white (In white)
While all the world's asleep (All the world asleep), I walk around instead
Through the memories (Through the memories), down the halls of my head
Walk the layout, routines in the night
Some doors have ""Stay out"" spray-painted (Oohh) in white
While all the world's asleep (All the world), I walk around instead
Through the memories, down the halls of my head

(Keeps comin' around, keeps comin' around, keeps comin' around)
(Lost in the halls of my head)
(Keeps comin' around, keeps comin' around, keeps comin' around)
(Lost in the halls of my head)","walk the layout, routines in the night
some doors have ""stay out"" spray-painted in white
while all the world's asleep, i walk around instead
through the memories, down the halls of my head
walk the layout, routines in the night
some doors have ""stay out"" spray-painted in white
while all the world's asleep, i walk around instead
through the memories, down the halls of my head
here comes a new night, but i'll send it through
i'll probably jump on the next one
i'm testing the limits of what a mind can do
i'm keeping my eyelids up, no mattеr what
so beautiful, the space bеtween
a painful reminder and a terrible dream
i've been here before and i've got time
i'll give you the tour, show you why i
walk the layout, routines in the night
some doors have ""stay out"" spray-painted in white
while all the world's asleep, i walk around instead
through the memories, down the halls of my head
reoccurring, keeps comin' around
rem cycle skip, night psycho trip
it's reassuring you keep comin' around
it's tough to find good company
reoccurring, days blurring
i'm still learning what this is
just keep me company
so beautiful, the space between
a painful reminder and a terrible dream
i've been here before and i've got time
i'll give you the tour, show you why i
i'll show you why i
i'll show you why i
walk the layout , routines in the night
some doors have ""stay out"" spray-painted in white
while all the world's asleep , i walk around instead
through the memories , down the halls of my head
walk the layout, routines in the night
some doors have ""stay out"" spray-painted in white
while all the world's asleep , i walk around instead
through the memories, down the halls of my head"
Vignette,Clancy,"Not sure when it started, peelin' from his bones
Piece it back together all alone
Hope it held together long enough for he
To pitch the greener grasses and hope that she would agree
Fresh off a binger in the woods
Flesh covered in bites
Testing what is real, what is good
Man, it's been a long night

It's a tribute to zombies of which I've become
Where do I go from here?
Where do I go from here?

Clinging to promisеs
Fighting off the vignette
Tunnеls cave, visions fade
Swallowed by the vignette

He's thinking, ""There's no way I'm headed there""
Always sure-footed, educated, and was never scared
Now he can't hold out his hand without it shaking
Hounded by a bunch of dead when the search party found him
Fresh off a binger in the woods
Flesh covered in bites
Testing what is real, what is good
Man, it's been a long night

It's a tribute to zombies of which I've become
Where do I go from here?
Where do I go from here?

Clinging to promises
Fighting off the vignette
Tunnels cave, visions fade
Swallowed by the vignette

No, not me, it's for a friend (Ooh)
No-no, not me, it's for a friend (Ooh)
No, not me, it's for a friend (Ooh)
No-no, not me, it's for a friend, denial

Clinging to promises
Fighting off the vignette
Tunnels cave, visions fade
Swallowed by the vignette

No, not me, it's for a friend (Ooh)
No-no, not me, it's for a friend (Ooh)
No, not me, it's for a friend (Ooh)
No-no, not me, it's for a friend, denial
No, not me, it's for a friend
No-no, not me, it's for a friend
No, not me, it's for a friend
No-no, not me, it's for a friend, denial","not sure when it started, peelin' from his bones
piece it back together all alone
hope it held together long enough for he
to pitch the greener grasses and hope that she would agree
fresh off a binger in the woods
flesh covered in bites
testing what is real, what is good
man, it's been a long night
it's a tribute to zombies of which i've become
where do i go from here?
where do i go from here?
clinging to promisеs
fighting off the vignette
tunnеls cave, visions fade
swallowed by the vignette
he's thinking, ""there's no way i'm headed there""
always sure-footed, educated, and was never scared
now he can't hold out his hand without it shaking
hounded by a bunch of dead when the search party found him
fresh off a binger in the woods
flesh covered in bites
testing what is real, what is good
man, it's been a long night
it's a tribute to zombies of which i've become
where do i go from here?
where do i go from here?
clinging to promises
fighting off the vignette
tunnels cave, visions fade
swallowed by the vignette
no, not me, it's for a friend
no-no, not me, it's for a friend
no, not me, it's for a friend
no-no, not me, it's for a friend, denial
clinging to promises
fighting off the vignette
tunnels cave, visions fade
swallowed by the vignette
no, not me, it's for a friend
no-no, not me, it's for a friend
no, not me, it's for a friend
no-no, not me, it's for a friend, denial
no, not me, it's for a friend
no-no, not me, it's for a friend
no, not me, it's for a friend
no-no, not me, it's for a friend, denial"
The Craving (Jenna’s Version),Clancy,"I don't know why I can't stop crying
And I'm thinking about getting old
And I don't know a lot about you still

Seems I get in my own way
The more I think, the less I say
I hope I communicate the craving
Now I see intentions don't mean much

Say enough, say enough
Did I let her know, let her know?
If I found my body in chains
I'd lay down and wait
And hope she looks for me
And hope she looks for me-e-e-e-e
(Ooh-ooh-ooh-ooh-ooh)

She just wants to catch a wave
Ride it out to the end of her days
I hope that I can satiate the craving
Now I see the gesture don't mean much

Say enough, say enough
Did I lеt her know, let her know?
If I found my body in chains
I'd lay down and wait
And hopе she looks for me, mm
And hope she looks for me-e-e-e-e
(Ooh-ooh-ooh-ooh-ooh)

Hm, hm, hm, hm, hm

Say enough, say enough
Did I let her know, let her know?
If I found my body in chains
I'd lay down and wait
'Cause it's the fear of the unknown
That cripples every step we take
And I just hate to put this on her
But I swear that I will give more than I take away

Mm
The craving
Now I see intentions don't mean much","i don't know why i can't stop crying
and i'm thinking about getting old
and i don't know a lot about you still
seems i get in my own way
the more i think, the less i say
i hope i communicate the craving
now i see intentions don't mean much
say enough, say enough
did i let her know, let her know?
if i found my body in chains
i'd lay down and wait
and hope she looks for me
and hope she looks for me-e-e-e-e
she just wants to catch a wave
ride it out to the end of her days
i hope that i can satiate the craving
now i see the gesture don't mean much
say enough, say enough
did i lеt her know, let her know?
if i found my body in chains
i'd lay down and wait
and hopе she looks for me, mm
and hope she looks for me-e-e-e-e
hm, hm, hm, hm, hm
say enough, say enough
did i let her know, let her know?
if i found my body in chains
i'd lay down and wait
'cause it's the fear of the unknown
that cripples every step we take
and i just hate to put this on her
but i swear that i will give more than i take away
mm
the craving
now i see intentions don't mean much"
Lavish,Clancy,"Welcome to the new way of living
It's just the beginning of lavish (Feeling gourmet)
Welcome to the new way of living
It's just the beginning of lavish
From the floor to the ceiling
Welcome to the style you haven't seen in a while
It's lavish (Feeling gourmet)

You try your best to look like this is not your first time
You're fighting for the front row, that's a nice try
You're looking real nice, smelling like worth
Walking like you deserve it
And if your feet are hurting, then that's when you know
You brought the right equipment to put on a show
And let it flow, let it show, shine
Let it show, let it flow, shine

Welcome to the new way of living
It's just the beginning of lavish
From the floor to the ceiling
Welcome to the style you haven't seen in a while
It's lavish (Feeling gourmet)
It's lavish
(Welcome to the new way of living it's just the beginning of lavish)
(Feeling gourmet)
It's lavish
(Welcome to the style you haven't seen in a while)
(It's lavish, Feeling gourmet)
(Say whatever and whatever that I want)
(Ecaep emos tnaw i)

Got that penny loafer squeak, across linoleum
Big flex, complex, Napoleon
I say whatever and whatever that I want
Sip a Capri-Sun like it's Dom Pérignon
I'm talking tough happily with someone in front of me
Room on the payroll, everyone can live comfortably
I'm coming in hot, hot shot hypocrisy
NDA's for the folks that talk to me
So tell your friends at follow ""Bots Anonymous""
Keep it cool, keep the mood androgynous
I see your problem is your proctologist
Got both hands on your shoulder while you're bottomless

It's lavish
It's lavish (Feeling-)
Welcome to the style you haven't seen in a while
It's lavish (Feeling gourmet)

(Welcome to the style you haven't seen in a while)
(It's lavish)
It's lavish","welcome to the new way of living
it's just the beginning of lavish
welcome to the new way of living
it's just the beginning of lavish
from the floor to the ceiling
welcome to the style you haven't seen in a while
it's lavish
you try your best to look like this is not your first time
you're fighting for the front row, that's a nice try
you're looking real nice, smelling like worth
walking like you deserve it
and if your feet are hurting, then that's when you know
you brought the right equipment to put on a show
and let it flow, let it show, shine
let it show, let it flow, shine
welcome to the new way of living
it's just the beginning of lavish
from the floor to the ceiling
welcome to the style you haven't seen in a while
it's lavish
it's lavish
it's lavish
got that penny loafer squeak, across linoleum
big flex, complex, napoleon
i say whatever and whatever that i want
sip a capri-sun like it's dom pérignon
i'm talking tough happily with someone in front of me
room on the payroll, everyone can live comfortably
i'm coming in hot, hot shot hypocrisy
nda's for the folks that talk to me
so tell your friends at follow ""bots anonymous""
keep it cool, keep the mood androgynous
i see your problem is your proctologist
got both hands on your shoulder while you're bottomless
it's lavish
it's lavish
welcome to the style you haven't seen in a while
it's lavish
it's lavish"
Navigating,Clancy,"(Eh-oh, eh-oh, eh-oh)
Eh-oh, eh-oh, eh-oh-oh
(Eh-oh, eh-oh, eh-oh)
(Eh-oh, eh-oh, eh-oh-oh)
(Eh-oh, eh-oh, eh-oh)
(Eh-oh, eh-oh, eh-oh-oh)
My, oh my
Don't know how long it's been
My, oh my

I can't seem to turn the page
This haze around my face makes me feel all alone
I know you see me standin' still
But when our fingers touch, I feel my way back home

Pardon my delay
I'm navigating, I'm navigating my head
Disassociate
I'm navigating, I'm navigating my head
Give me some advice
I am wasting all this time
My, oh my
Don't know how long it's been
My, oh my

How things change so rapidly
I find my self-esteem, then turn so cold

Pardon my delay
I'm navigating, I'm navigating my head
Disassociate
I'm navigating, I'm navigating my head
Give me somе advice (Give me somе advice)
I am wasting all this time (Wasting)
My, oh my
Don't know how long it's been

Since I responded to your question
If you really want to know what I'm thinkin'
Kind of feels like everybody leaves
Feelin' the reality that everybody leaves
My dad just lost his mom, I think that everybody leaves
And now I'm tryin' to hold onto you 'cause everybody leaves

Pardon my delay
I'm navigating, I'm navigating my head
Disassociate
I'm navigating, I'm navigating my head
Give me some advice
I am wasting all this time
My, oh my
Pardon my delay
I'm navigating, I'm navigating my head
Disassociate
I'm navigating, I'm navigating my head
Give me some advice (Give me some advice)
I am wasting all this time (Wasting)
My, oh my","eh-oh, eh-oh, eh-oh-oh
my, oh my
don't know how long it's been
my, oh my
i can't seem to turn the page
this haze around my face makes me feel all alone
i know you see me standin' still
but when our fingers touch, i feel my way back home
pardon my delay
i'm navigating, i'm navigating my head
disassociate
i'm navigating, i'm navigating my head
give me some advice
i am wasting all this time
my, oh my
don't know how long it's been
my, oh my
how things change so rapidly
i find my self-esteem, then turn so cold
pardon my delay
i'm navigating, i'm navigating my head
disassociate
i'm navigating, i'm navigating my head
give me somе advice
i am wasting all this time
my, oh my
don't know how long it's been
since i responded to your question
if you really want to know what i'm thinkin'
kind of feels like everybody leaves
feelin' the reality that everybody leaves
my dad just lost his mom, i think that everybody leaves
and now i'm tryin' to hold onto you 'cause everybody leaves
pardon my delay
i'm navigating, i'm navigating my head
disassociate
i'm navigating, i'm navigating my head
give me some advice
i am wasting all this time
my, oh my
pardon my delay
i'm navigating, i'm navigating my head
disassociate
i'm navigating, i'm navigating my head
give me some advice
i am wasting all this time
my, oh my"
Snap Back,Clancy,"Got a bad feeling that I'm about to break
Been a good streak, but the pressure's overweight
Is it even good for my head to keep track?
If I'm gonna snap necks, then I gotta snap back
Got a bad feeling I'm gonna lose the lead
Runnin' from a thing that I kicked in '17
Is it even right for my head to keep track?
If I'm gonna snap necks, then I gotta snap back

Have I burnt all the bridges?
Bite the hand that helps me, give it finger stitches
Blacklisted from forgiveness
Fool you once, it's been twenty-five times

It's a backslide
I commandeered a hot ride
Drove it 'til the engine died
All of that progress lost today

Got a bad feeling that I'm about to break
Been a good streak, but the pressure's overweight
Is it even good for my head to keep track?
If I'm gonna snap necks, then I gotta snap back
Got a bad feeling I'm gonna lose the lead
Runnin' from a thing that I kicked in '17
Is it even right for my head to keep track?
If I'm gonna snap necks, then I gotta snap b—

Oh it's you, well, welcome back to the show (Been a minute)
Guess I better move to a fresher approach (Thought I kicked it)
It's a new adaptation

It's a backslide
I hate the surprise
And now it's all gone
All of that progress lost today

I have seemed to run out of excuses of why I am this way

Got a bad feeling that I'm about to break
Been a good streak, but the pressure's overweight
Is it even good for my head to keep track?
If I'm gonna snap necks, then I gotta snap back
Got a bad feeling I'm gonna lose the lead
Runnin' from a thing that I kicked in '17
Is it even right for my head to keep track?
If I'm gonna snap necks, then I gotta snap back
Then I gotta snap back

I've been prayin' for my elasticity to return to the way that it was
(If I'm gonna snap necks, then I gotta snap back)
I've been prayin' for my elasticity to return to the way that it was
(If I'm gonna snap necks, then I gotta snap back)","got a bad feeling that i'm about to break
been a good streak, but the pressure's overweight
is it even good for my head to keep track?
if i'm gonna snap necks, then i gotta snap back
got a bad feeling i'm gonna lose the lead
runnin' from a thing that i kicked in '17
is it even right for my head to keep track?
if i'm gonna snap necks, then i gotta snap back
have i burnt all the bridges?
bite the hand that helps me, give it finger stitches
blacklisted from forgiveness
fool you once, it's been twenty-five times
it's a backslide
i commandeered a hot ride
drove it 'til the engine died
all of that progress lost today
got a bad feeling that i'm about to break
been a good streak, but the pressure's overweight
is it even good for my head to keep track?
if i'm gonna snap necks, then i gotta snap back
got a bad feeling i'm gonna lose the lead
runnin' from a thing that i kicked in '17
is it even right for my head to keep track?
if i'm gonna snap necks, then i gotta snap b—
oh it's you, well, welcome back to the show
guess i better move to a fresher approach
it's a new adaptation
it's a backslide
i hate the surprise
and now it's all gone
all of that progress lost today
i have seemed to run out of excuses of why i am this way
got a bad feeling that i'm about to break
been a good streak, but the pressure's overweight
is it even good for my head to keep track?
if i'm gonna snap necks, then i gotta snap back
got a bad feeling i'm gonna lose the lead
runnin' from a thing that i kicked in '17
is it even right for my head to keep track?
if i'm gonna snap necks, then i gotta snap back
then i gotta snap back
i've been prayin' for my elasticity to return to the way that it was
i've been prayin' for my elasticity to return to the way that it was"
Oldies Station,Clancy,"Only consistency in your periphery
Is fear and the bridge of your nose
And as you move about, you learn to tune 'em out
But they say they continue to grow

Fear of the past and (Relative pain)
Future's comin' fast, you've got (Nothin' in the tank)
In a season of purging things you used to love
Everything must go, mm-hm

Make an oath, then make mistakes
Start a streak you're bound to break
When darkness rolls on you
Push on through
Push on through

Then before you know, you lose some people close
Forcing you to manage your pace
Found your capacity for love and tragedy
Embracing how things always change

You've had your turns with (Relative pain)
Little less concerned when there's (Nothin' in the tank)
In a season of lessons learned in giving up
You learn what you can and can't take, mm-hm

Add some years, build some trust
You start to feel your eyes adjust
When darkness rolls on you
Push on through
Push on through

You don't quite mind
You don't quite mind
You don't quite mind how long red lights are takin'
Push on through
Your favorite song was on the oldies station
Push on through
You have it down, that old fight for survival
Push on through
You're in the crowd at her first dance recital
Push on through (Ro', Ro', Ro', Ro')

Make an oath, then make mistakes
Start a streak you're bound to break
When darkness rolls on you
Push on through

Ooh
Ooh
Ooh","only consistency in your periphery
is fear and the bridge of your nose
and as you move about, you learn to tune 'em out
but they say they continue to grow
fear of the past and
future's comin' fast, you've got
in a season of purging things you used to love
everything must go, mm-hm
make an oath, then make mistakes
start a streak you're bound to break
when darkness rolls on you
push on through
push on through
then before you know, you lose some people close
forcing you to manage your pace
found your capacity for love and tragedy
embracing how things always change
you've had your turns with
little less concerned when there's
in a season of lessons learned in giving up
you learn what you can and can't take, mm-hm
add some years, build some trust
you start to feel your eyes adjust
when darkness rolls on you
push on through
push on through
you don't quite mind
you don't quite mind
you don't quite mind how long red lights are takin'
push on through
your favorite song was on the oldies station
push on through
you have it down, that old fight for survival
push on through
you're in the crowd at her first dance recital
push on through
make an oath, then make mistakes
start a streak you're bound to break
when darkness rolls on you
push on through
ooh
ooh
ooh"
At the Risk of Feeling Dumb,Clancy,"I don't want anyone, know me or not
See me at my lowest, you don't have to drop, drop, drop
Don't have to drop by
Nothin' you can do this time
I don't want anyone, know me or not
See me at my lowest, you don't have to drop
Drop, drop, drop anything for me
Just keep your plans, I hope that you never have to drop

Used to be you and me, matching Kawasaki Zs
Ride around 270 in Kawasaki tees
Two fighter jets matching energy
Trying to forget that we're in ejection seats

So please, keep it in mind
Check on your friends
Every once in a while
Even if they say

I don't want anyone, know me or not
See mе at my lowest, you don't have to drop, drop, drop
Don't have to drop by
Nothin' you can do this timе
I don't want anyone, know me or not
See me at my lowest, you don't have to drop
Drop, drop, drop anything for me
Just keep your plans, I hope that you never have to drop

At the risk of feelin' dumb, check in
It's not worth the risk of losin' a friend
Even if they say
""Just keep your plans, I hope that you never have to drop""

If I'm bein' real, man, don't know how I feel, man
'Bout you sleepin' so close to a weapon you conceal, man
Those night terrors are not somethin' to take lightly
I know that it's a risk sayin' this, don't fight me
(Stoppin' me, fight me)
(Stoppin' me, fight me)
(Stoppin' me, fight me)

I don't want anyone, know me or not
See me at my lowest, you don't have to drop, drop, drop me
Don't have to drop by
Nothin' you can do this time
I don't want anyone, know me or not
See me at my lowest, you don't have to drop
(Drop me, drop, drop me) Anything for me (Drop me, drop me)
Just keep your plans, I hope that you never have to drop

At the risk of feelin' dumb, check in
It's not worth the risk of losin' a friend
Even if they say
""Just keep your plans, I hope that you never have to drop""

I don't want anyone, know me or not
See me at my lowest, you don't have to drop
Drop, drop, drop anything
For me","i don't want anyone, know me or not
see me at my lowest, you don't have to drop, drop, drop
don't have to drop by
nothin' you can do this time
i don't want anyone, know me or not
see me at my lowest, you don't have to drop
drop, drop, drop anything for me
just keep your plans, i hope that you never have to drop
used to be you and me, matching kawasaki zs
ride around 270 in kawasaki tees
two fighter jets matching energy
trying to forget that we're in ejection seats
so please, keep it in mind
check on your friends
every once in a while
even if they say
i don't want anyone, know me or not
see mе at my lowest, you don't have to drop, drop, drop
don't have to drop by
nothin' you can do this timе
i don't want anyone, know me or not
see me at my lowest, you don't have to drop
drop, drop, drop anything for me
just keep your plans, i hope that you never have to drop
at the risk of feelin' dumb, check in
it's not worth the risk of losin' a friend
even if they say
""just keep your plans, i hope that you never have to drop""
if i'm bein' real, man, don't know how i feel, man
'bout you sleepin' so close to a weapon you conceal, man
those night terrors are not somethin' to take lightly
i know that it's a risk sayin' this, don't fight me
i don't want anyone, know me or not
see me at my lowest, you don't have to drop, drop, drop me
don't have to drop by
nothin' you can do this time
i don't want anyone, know me or not
see me at my lowest, you don't have to drop
anything for me
just keep your plans, i hope that you never have to drop
at the risk of feelin' dumb, check in
it's not worth the risk of losin' a friend
even if they say
""just keep your plans, i hope that you never have to drop""
i don't want anyone, know me or not
see me at my lowest, you don't have to drop
drop, drop, drop anything
for me"
Paladin Strait,Clancy,"I can't be alone
Guess I never told you so
Makin' my way towards you
Tracin' out a line
A route I've mapped a thousand times
Makin' my way towards you

I would swim the Paladin Strait
Without any floatation
Just a glimpse of visual aid
Of you on the other shoreline
Waitin', expectations that I'm gonna make it
Mm-hm, hm-hm-hm

Standing on the shore
Staring down a hurtling storm
Makin' its way toward me
Water rips with rage
Endless row of angry waves
Makin' its way towards me

I would swim the Paladin Strait
Without any floatation
Just a glimpse of visual aid
Of you on the other shoreline
Waitin', expectations that I'm gonna make it
Mm-hm, hm-hm-hm

Here's my chance, time to take it
Can't be sure that I'll make it
Even though I'm past the point of no return
I'm all in, I'm surrounded
Put my money where my mouth is
Even though I'm past the point of no return
Here's my chance, time to take it
Can't be sure that I'll make it
Even though I'm past the point of no return
I'm all in, I'm surrounded
Put my money where my mouth is
Even though I'm past the point of no return

I would swim the Paladin Strait
Without any floatation
Just a glimpse of visual aid
Of you on the other shoreline
Waitin', expectations that I'm gonna make it
Mm-hm, hm-hm-hm

*Birds chirping*

On the ground are banditos
Fighting while I find Nico
Even though I'm past the point of no return
Climb the top of the tower
""Show yourself,"" I yell louder
Even though I'm past the point of no ret—
So few, so proud, so emotional
Hello, Clancy","i can't be alone
guess i never told you so
makin' my way towards you
tracin' out a line
a route i've mapped a thousand times
makin' my way towards you
i would swim the paladin strait
without any floatation
just a glimpse of visual aid
of you on the other shoreline
waitin', expectations that i'm gonna make it
mm-hm, hm-hm-hm
standing on the shore
staring down a hurtling storm
makin' its way toward me
water rips with rage
endless row of angry waves
makin' its way towards me
i would swim the paladin strait
without any floatation
just a glimpse of visual aid
of you on the other shoreline
waitin', expectations that i'm gonna make it
mm-hm, hm-hm-hm
here's my chance, time to take it
can't be sure that i'll make it
even though i'm past the point of no return
i'm all in, i'm surrounded
put my money where my mouth is
even though i'm past the point of no return
here's my chance, time to take it
can't be sure that i'll make it
even though i'm past the point of no return
i'm all in, i'm surrounded
put my money where my mouth is
even though i'm past the point of no return
i would swim the paladin strait
without any floatation
just a glimpse of visual aid
of you on the other shoreline
waitin', expectations that i'm gonna make it
mm-hm, hm-hm-hm
*birds chirping*
on the ground are banditos
fighting while i find nico
even though i'm past the point of no return
climb the top of the tower
""show yourself,"" i yell louder
even though i'm past the point of no ret—
so few, so proud, so emotional
hello, clancy"
Ode To Sleep,Vessel,"I wake up fine and dandy, but then by the time I find it handy
To rip my heart apart and start planning my crash landing
I go up, up, up, up, up to the ceiling
Then I feel my soul start leaving like an old man's hair receding
I'm pleading, ""Please, oh please!"" on my knees repeatedly asking
Why it's got to be like this, is this living free?
I don't wanna be the one, be the one who has the
Sun's blood on my hands, I'll tell the moon
Take this weapon forged in darkness
Some see a pen, I see a harpoon

I'll stay awake 'cause the dark's not taking prisoners tonight
Why am I not scared in the morning?
I don't hear those voices calling
I must have kicked them out, I must have kicked them out
I swear I heard demons yelling
Those crazy words they were spelling
They told me I was gone, they told me I was gone

But I'll tell 'em, ""Why won't you let me go?
Do I threaten all your plans? I'm insignificant""
Please tell 'em, you have no plans for me
I will set my soul on fire, what have I become?
I'll tell 'em

On the eve of a day that's forgotten and fake
As the trees, they await, and clouds anticipate
The start of a day when we put on our face
A mask that portrays that we don't need grace
On the eve of a day that is bigger than us
But we open our eyes 'cause we're told that we must
And the trees wave their arms and the clouds try to plead
Desperately yelling, ""There's something we need!""
I'm not free, I asked forgiveness three times
Same amount that I denied, I three-time MVP'd this crime
I'm afraid to tell you who I adore, won't tell you who I'm singing towards
Metaphorically, I'm a whore, and that's denial number four

I'll stay awake 'cause the dark's not taking prisoners tonight
Why am I not scared in the morning?
I don't hear those voices calling
I must have kicked them out, I must have kicked them out
I swear I heard demons yelling
Those crazy words they were spelling
They told me I was gone, they told me I was gone

But I'll tell 'em, ""Why won't you let me go?
Do I threaten all your plans? I'm insignificant""
Please tell 'em, you have no plans for me
I will set my soul on fire, what have I become?

I'll tell 'em, you have no plans for me, I will set my soul on fire
What have I become? I'll tell 'em, I'll tell 'em, I'll tell 'em
I'll tell 'em, please tell 'em, you have no plans for me
I will set my soul on fire, what have I become? I'm sorry","i wake up fine and dandy, but then by the time i find it handy
to rip my heart apart and start planning my crash landing
i go up, up, up, up, up to the ceiling
then i feel my soul start leaving like an old man's hair receding
i'm pleading, ""please, oh please!"" on my knees repeatedly asking
why it's got to be like this, is this living free?
i don't wanna be the one, be the one who has the
sun's blood on my hands, i'll tell the moon
take this weapon forged in darkness
some see a pen, i see a harpoon
i'll stay awake 'cause the dark's not taking prisoners tonight
why am i not scared in the morning?
i don't hear those voices calling
i must have kicked them out, i must have kicked them out
i swear i heard demons yelling
those crazy words they were spelling
they told me i was gone, they told me i was gone
but i'll tell 'em, ""why won't you let me go?
do i threaten all your plans? i'm insignificant""
please tell 'em, you have no plans for me
i will set my soul on fire, what have i become?
i'll tell 'em
on the eve of a day that's forgotten and fake
as the trees, they await, and clouds anticipate
the start of a day when we put on our face
a mask that portrays that we don't need grace
on the eve of a day that is bigger than us
but we open our eyes 'cause we're told that we must
and the trees wave their arms and the clouds try to plead
desperately yelling, ""there's something we need!""
i'm not free, i asked forgiveness three times
same amount that i denied, i three-time mvp'd this crime
i'm afraid to tell you who i adore, won't tell you who i'm singing towards
metaphorically, i'm a whore, and that's denial number four
i'll stay awake 'cause the dark's not taking prisoners tonight
why am i not scared in the morning?
i don't hear those voices calling
i must have kicked them out, i must have kicked them out
i swear i heard demons yelling
those crazy words they were spelling
they told me i was gone, they told me i was gone
but i'll tell 'em, ""why won't you let me go?
do i threaten all your plans? i'm insignificant""
please tell 'em, you have no plans for me
i will set my soul on fire, what have i become?
i'll tell 'em, you have no plans for me, i will set my soul on fire
what have i become? i'll tell 'em, i'll tell 'em, i'll tell 'em
i'll tell 'em, please tell 'em, you have no plans for me
i will set my soul on fire, what have i become? i'm sorry"
Holding On To You,Vessel,"I'm taking over my body, back in control, no more shotty
I bet a lot of me was lost, ""T""'s uncrossed and ""I""'s undotted
I fought it a lot and it seems a lot like flesh is all I got
Not anymore, flesh out the door, swat
I must've forgot, you can't trust me
I'm open a moment and close when you show it
Before you know it, I'm lost at sea
And now that I write and think about it and the story unfolds
You should take my life, you should take my soul

Ah-ah-ah-ah-ah-ah, ah-ah-ah-ah-ah-ah
Ah-ah-ah-ah-ah-ah, ah-ah-ah-ah-ah-ah

You are surrounding, all my surroundings
Sounding down the mountain range of my left-side brain
You are surrounding, all my surroundings
Twisting the kaleidoscope behind both of my eyes

(Ah-ah-ah-ah-ah-ah, ah-ah-ah-ah-ah-ah)
And I'll be holding on to you
(Ah-ah-ah-ah-ah-ah, ah-ah-ah-ah-ah-ah)
And I'll be holding on to you

Remember the moment you know exactly where you're goin'
'Cause the next moment before you know it
Time is slowin' and it's frozen still
And the windowsill looks really nice, right?
You think twice about your life, it probably happens at night, right?
Fight it, take the pain, ignite it
Tie a noose around your mind, loose enough to breathe fine
And tie it to a tree, tell it, ""You belong to me
This ain't a noose, this is a leash
And I have news for you, you must obey me""

You are surrounding, all my surroundings
Sounding down the mountain range of my left-side brain
You are surrounding, all my surroundings
Twisting the kaleidoscope behind both of my eyes

Entertain my faith, entertain my faith
Entertain my faith, entertain my faith
Entertain my faith, entertain my faith
Entertain my faith, entertain my faith
Entertain my faith, entertain my faith

Lean with it, rock with it, when we gonna stop with it?
Lyrics that mean nothin', we were gifted with thought
Is it time to move our feet, to an introspective beat?
It ain't the speakers that bump hearts, it's our hearts that make the beat
Lean with it, rock with it, when we gonna stop with it?
Lyrics that mean nothin', we were gifted with thought
Is it time to move our feet, to an introspective beat?
It ain't the speakers that bump hearts, it's our hearts that make the beat
Lean with it, rock with it, when we gonna stop with it?
Lyrics that mean nothin', we were gifted with thought
Is it time to move our feet, to an introspective beat?
It ain't the speakers that bump hearts, it's our hearts that make the beat
Lean with it, rock with it, when we gonna stop with it?
Lyrics that mean nothin', we were gifted with thought
Is it time to move our feet, to an introspective beat?
It ain't the speakers that bump hearts and it's our hearts that make the beat

(Ah-ah-ah-ah-ah-ah, ah-ah-ah-ah-ah-ah)
And I'll be holding on to you, and I'll be holding on to you
(Ah-ah-ah-ah-ah-ah, ah-ah-ah-ah-ah-ah)
And I'll be holding on to you, and I'll be holding on to you
(Ah-ah-ah-ah-ah-ah, ah-ah-ah-ah-ah-ah)
And I'll be holding on to you, and I'll be holding on to you
(Ah-ah-ah-ah-ah-ah, ah-ah-ah-ah-ah-ah)
And I'll be holding on to you, and I'll be holding on to you","i'm taking over my body, back in control, no more shotty
i bet a lot of me was lost, ""t""'s uncrossed and ""i""'s undotted
i fought it a lot and it seems a lot like flesh is all i got
not anymore, flesh out the door, swat
i must've forgot, you can't trust me
i'm open a moment and close when you show it
before you know it, i'm lost at sea
and now that i write and think about it and the story unfolds
you should take my life, you should take my soul
ah-ah-ah-ah-ah-ah, ah-ah-ah-ah-ah-ah
ah-ah-ah-ah-ah-ah, ah-ah-ah-ah-ah-ah
you are surrounding, all my surroundings
sounding down the mountain range of my left-side brain
you are surrounding, all my surroundings
twisting the kaleidoscope behind both of my eyes
and i'll be holding on to you
and i'll be holding on to you
remember the moment you know exactly where you're goin'
'cause the next moment before you know it
time is slowin' and it's frozen still
and the windowsill looks really nice, right?
you think twice about your life, it probably happens at night, right?
fight it, take the pain, ignite it
tie a noose around your mind, loose enough to breathe fine
and tie it to a tree, tell it, ""you belong to me
this ain't a noose, this is a leash
and i have news for you, you must obey me""
you are surrounding, all my surroundings
sounding down the mountain range of my left-side brain
you are surrounding, all my surroundings
twisting the kaleidoscope behind both of my eyes
entertain my faith, entertain my faith
entertain my faith, entertain my faith
entertain my faith, entertain my faith
entertain my faith, entertain my faith
entertain my faith, entertain my faith
lean with it, rock with it, when we gonna stop with it?
lyrics that mean nothin', we were gifted with thought
is it time to move our feet, to an introspective beat?
it ain't the speakers that bump hearts, it's our hearts that make the beat
lean with it, rock with it, when we gonna stop with it?
lyrics that mean nothin', we were gifted with thought
is it time to move our feet, to an introspective beat?
it ain't the speakers that bump hearts, it's our hearts that make the beat
lean with it, rock with it, when we gonna stop with it?
lyrics that mean nothin', we were gifted with thought
is it time to move our feet, to an introspective beat?
it ain't the speakers that bump hearts, it's our hearts that make the beat
lean with it, rock with it, when we gonna stop with it?
lyrics that mean nothin', we were gifted with thought
is it time to move our feet, to an introspective beat?
it ain't the speakers that bump hearts and it's our hearts that make the beat
and i'll be holding on to you, and i'll be holding on to you
and i'll be holding on to you, and i'll be holding on to you
and i'll be holding on to you, and i'll be holding on to you
and i'll be holding on to you, and i'll be holding on to you"
Migraine,Vessel,"Am I the only one I know
Waging my wars behind my face and above my throat?
Shadows will scream that I'm alone-lone-lone

I-I-I-I-I've got a migraine
And my pain will range from up, down, and sideways
Thank God it's Friday 'cause Fridays will always be better than Sundays
'Cause Sundays are my suicide days
I don't know why they always seem so dismal
Thunderstorms, clouds, snow, and a slight drizzle
Whether it's the weather or the letters by my bed
Sometimes death seems better than the migraine in my head
Let it be said what the headache represents
It's me defending in suspense, it's me suspended in a defenseless test
Being tested by a ruthless examiner
That's represented best by my depressing thoughts
I do not have writer's block, my writer just hates the clock
It will not let me sleep, I guess I'll sleep when I'm dead
And sometimes death seems better than the migraine in my head

Am I the only one I know
Waging my wars behind my face and above my throat?
Shadows will scream that I'm alone
But I know, we've made it this far, kid

Yeah, yeah, yeah

I am not as fine as I seem, pardon
Me for yelling, I'm telling you green gardens
Are not what's growing in my psyche, it's a different me
A difficult beast feasting on burnt down trees
Freeze frame, please let me paint a mental picture portrait
Something you won't forget, it's all about my forehead
And how it is a door that holds back contents
That makes Pandora's box contents look non-violent
Behind my eyelids are islands of violence
My mind ship-wrecked, this is the only land my mind could find
I did not know it was such a violent island
Bullet tidal waves, suicidal crazed lions
They're trying to eat me, blood running down their chin
And I know that I can fight, or I can let the lion win
I begin to assemble what weapons I can find
'Cause sometimes to stay alive, you gotta kill your mind

Am I the only one I know
Waging my wars behind my face and above my throat?
Shadows will scream that I'm alone
But I know, we've made it this far, kid

(Ah, yeah) Yeah, yeah, yeah
(Oh, oh) Yeah, yeah, yeah

And I will say that we should take a day to break away
From all the pain our brain has made, the game is not played alone
And I will say that we should take a moment and hold it
And keep it frozen and know that life has a hopeful undertone
And I will say that we should take a day to break away
From all the pain our brain has made, the game is not played alone
And I will say that we should take a moment and hold it
And keep it frozen and know that life has a hopeful undertone

Am I the only one I know, oh
Waging my wars behind my face and above my throat?
Shadows will scream that I'm alone
But I know, we've made it this far, kid

I've made it this far
I've made it this f—","am i the only one i know
waging my wars behind my face and above my throat?
shadows will scream that i'm alone-lone-lone
i-i-i-i-i've got a migraine
and my pain will range from up, down, and sideways
thank god it's friday 'cause fridays will always be better than sundays
'cause sundays are my suicide days
i don't know why they always seem so dismal
thunderstorms, clouds, snow, and a slight drizzle
whether it's the weather or the letters by my bed
sometimes death seems better than the migraine in my head
let it be said what the headache represents
it's me defending in suspense, it's me suspended in a defenseless test
being tested by a ruthless examiner
that's represented best by my depressing thoughts
i do not have writer's block, my writer just hates the clock
it will not let me sleep, i guess i'll sleep when i'm dead
and sometimes death seems better than the migraine in my head
am i the only one i know
waging my wars behind my face and above my throat?
shadows will scream that i'm alone
but i know, we've made it this far, kid
yeah, yeah, yeah
i am not as fine as i seem, pardon
me for yelling, i'm telling you green gardens
are not what's growing in my psyche, it's a different me
a difficult beast feasting on burnt down trees
freeze frame, please let me paint a mental picture portrait
something you won't forget, it's all about my forehead
and how it is a door that holds back contents
that makes pandora's box contents look non-violent
behind my eyelids are islands of violence
my mind ship-wrecked, this is the only land my mind could find
i did not know it was such a violent island
bullet tidal waves, suicidal crazed lions
they're trying to eat me, blood running down their chin
and i know that i can fight, or i can let the lion win
i begin to assemble what weapons i can find
'cause sometimes to stay alive, you gotta kill your mind
am i the only one i know
waging my wars behind my face and above my throat?
shadows will scream that i'm alone
but i know, we've made it this far, kid
yeah, yeah, yeah
yeah, yeah, yeah
and i will say that we should take a day to break away
from all the pain our brain has made, the game is not played alone
and i will say that we should take a moment and hold it
and keep it frozen and know that life has a hopeful undertone
and i will say that we should take a day to break away
from all the pain our brain has made, the game is not played alone
and i will say that we should take a moment and hold it
and keep it frozen and know that life has a hopeful undertone
am i the only one i know, oh
waging my wars behind my face and above my throat?
shadows will scream that i'm alone
but i know, we've made it this far, kid
i've made it this far
i've made it this f—"
House of Gold,Vessel,"She asked me, ""Son, when I grow old
Will you buy me a house of gold?
And when your father turns to stone
Will you take care of me?""
She asked me, ""Son, when I grow old
Will you buy me a house of gold?
And when your father turns to stone
Will you take care of me?""
I will make you queen of everything you see
I'll put you on the map, I'll cure you of disease

Let's say we up and left this town
And turned our future upside down
We'll make pretend that you and me
Lived ever after happily

She asked me, ""Son, when I grow old
Will you buy me a house of gold?
And when your father turns to stone
Will you take care of me?""
I will make you queen of everything you see
I'll put you on the map, I'll cure you of disease

And since we know that dreams are dead
And life turns plans up on their head
I will plan to be a bum
So I just might become someone

She asked me, ""Son, when I grow old
Will you buy me a house of gold?
And when your father turns to stone
Will you take care of me?""
I will make you queen of everything you see
I'll put you on the map, I'll cure you of disease","she asked me, ""son, when i grow old
will you buy me a house of gold?
and when your father turns to stone
will you take care of me?""
she asked me, ""son, when i grow old
will you buy me a house of gold?
and when your father turns to stone
will you take care of me?""
i will make you queen of everything you see
i'll put you on the map, i'll cure you of disease
let's say we up and left this town
and turned our future upside down
we'll make pretend that you and me
lived ever after happily
she asked me, ""son, when i grow old
will you buy me a house of gold?
and when your father turns to stone
will you take care of me?""
i will make you queen of everything you see
i'll put you on the map, i'll cure you of disease
and since we know that dreams are dead
and life turns plans up on their head
i will plan to be a bum
so i just might become someone
she asked me, ""son, when i grow old
will you buy me a house of gold?
and when your father turns to stone
will you take care of me?""
i will make you queen of everything you see
i'll put you on the map, i'll cure you of disease"
Car Radio,Vessel,"I ponder of something great
My lungs will fill and then deflate
They fill with fire, exhale desire
I know it's dire, my time today
I have these thoughts so often, I ought
To replace that slot with what I once bought
'Cause somebody stole my car radio
And now I just sit in silence

Sometimes quiet is violent
I find it hard to hide it, my pride is no longer inside
It's on my sleeve, my skin will scream
Reminding me of who I killed inside my dream
I hate this car that I'm driving, there's no hiding for me
I'm forced to deal with what I feel
There is no distraction to mask what is real
I could pull the steering wheel

I have these thoughts so often, I ought
To replace that slot with what I once bought
'Cause somebody stole my car radio
And now I just sit in silence

I ponder of something terrifying
'Cause this time there's no sound to hide behind
I find over the course of our human existence
One thing consists of consistence
And it's that we're all battling fear
Oh dear, I don't know if we know why we're here
Oh my, too deep, please stop thinking
I liked it better when my car had sound
There are things we can do
But from the things that work there are only two
And-a from the two that we choose to do
Peace will win and fear will lose
And there's faith and there's sleep
We need to pick one, please, because
Faith is to be awake and to be awake is for us to think
And for us to think is to be alive
And I will try with every rhyme
To come across like I am dying
To let you know you need to try to think

I have these thoughts so often, I ought
To replace that slot with what I once bought
'Cause somebody stole my car radio
And now I just sit in silence

(Woah, oh-oh-oh)
(Woah, oh-oh-oh)
(Woah, oh-oh-oh)
(Woah, oh-oh-oh)
And now I just sit in silence
And now I just sit in silence
And now I just sit
And now I just sit in silence
And now I just sit in silence
And now I just sit in silence
And now I just sit

I ponder of something great
My lungs will fill and then deflate
They fill with fire, exhale desire
I know it's dire, my time today
I have these thoughts so often, I ought
To replace that slot with what I once bought
'Cause somebody stole my car radio
And now I just sit in silence","i ponder of something great
my lungs will fill and then deflate
they fill with fire, exhale desire
i know it's dire, my time today
i have these thoughts so often, i ought
to replace that slot with what i once bought
'cause somebody stole my car radio
and now i just sit in silence
sometimes quiet is violent
i find it hard to hide it, my pride is no longer inside
it's on my sleeve, my skin will scream
reminding me of who i killed inside my dream
i hate this car that i'm driving, there's no hiding for me
i'm forced to deal with what i feel
there is no distraction to mask what is real
i could pull the steering wheel
i have these thoughts so often, i ought
to replace that slot with what i once bought
'cause somebody stole my car radio
and now i just sit in silence
i ponder of something terrifying
'cause this time there's no sound to hide behind
i find over the course of our human existence
one thing consists of consistence
and it's that we're all battling fear
oh dear, i don't know if we know why we're here
oh my, too deep, please stop thinking
i liked it better when my car had sound
there are things we can do
but from the things that work there are only two
and-a from the two that we choose to do
peace will win and fear will lose
and there's faith and there's sleep
we need to pick one, please, because
faith is to be awake and to be awake is for us to think
and for us to think is to be alive
and i will try with every rhyme
to come across like i am dying
to let you know you need to try to think
i have these thoughts so often, i ought
to replace that slot with what i once bought
'cause somebody stole my car radio
and now i just sit in silence
and now i just sit in silence
and now i just sit in silence
and now i just sit
and now i just sit in silence
and now i just sit in silence
and now i just sit in silence
and now i just sit
i ponder of something great
my lungs will fill and then deflate
they fill with fire, exhale desire
i know it's dire, my time today
i have these thoughts so often, i ought
to replace that slot with what i once bought
'cause somebody stole my car radio
and now i just sit in silence"
Semi-Automatic,Vessel,"Night falls, with gravity
The Earth turns, from sanity
Taking my only friend I know
He leaves a lot, his name is Hope

I'm never what I like
I'm double-sided
And I just can't hide
I kinda like it
When I make you cry
'Cause I'm twisted up, I'm twisted up, inside

The horrors of the night melt away
Under the warm glow of survival of the day
Then we move on
My shadow grows taller along with my fears
And my frame shrinks smaller as night grows near
When the sun is climbing window sills
And the silver lining rides the hills
I will be saved for one whole day
Until the sun makes the hills its grave

I'm never what I like
I'm double-sided
And I just can't hide
I kinda like it
When I make you cry
Cause I'm twisted up, I'm twisted up, inside
I'm never what I like!
I'm double-sided
And I just can't hide
I kinda like it
When I make you cry
Cause I'm twisted up, I'm twisted up, inside my mind

I'm semi-automatic
My prayer's schizophrenic
But I'll live on, yeah I'll live on, yeah I'll live on
I'm semi-automatic
My prayer's schizophrenic
But I'll live on, yeah I'll live on, yeah I'll live, yeah, yeah, yeah!
I'm semi-automatic
My prayer's schizophrenic
But I'll live on, yeah I'll live on, yeah I'll live on
I'm semi-automatic
My prayer's schizophrenic
But I'll live on, yeah I'll live on...

By the time the night wears off, the dust is down
And shadows burn
I will rise and stand my ground
Waiting for the night's return

I'm never what I like
I'm double-sided
And I just can't hide
I kinda like it
When I make you cry
Cause I'm twisted up, I'm twisted up, inside
I'm never what I like!
I'm double-sided
And I just can't hide
I kinda like it
When I make you cry
Cause I'm twisted up, I'm twisted up, inside my mind","night falls, with gravity
the earth turns, from sanity
taking my only friend i know
he leaves a lot, his name is hope
i'm never what i like
i'm double-sided
and i just can't hide
i kinda like it
when i make you cry
'cause i'm twisted up, i'm twisted up, inside
the horrors of the night melt away
under the warm glow of survival of the day
then we move on
my shadow grows taller along with my fears
and my frame shrinks smaller as night grows near
when the sun is climbing window sills
and the silver lining rides the hills
i will be saved for one whole day
until the sun makes the hills its grave
i'm never what i like
i'm double-sided
and i just can't hide
i kinda like it
when i make you cry
cause i'm twisted up, i'm twisted up, inside
i'm never what i like!
i'm double-sided
and i just can't hide
i kinda like it
when i make you cry
cause i'm twisted up, i'm twisted up, inside my mind
i'm semi-automatic
my prayer's schizophrenic
but i'll live on, yeah i'll live on, yeah i'll live on
i'm semi-automatic
my prayer's schizophrenic
but i'll live on, yeah i'll live on, yeah i'll live, yeah, yeah, yeah!
i'm semi-automatic
my prayer's schizophrenic
but i'll live on, yeah i'll live on, yeah i'll live on
i'm semi-automatic
my prayer's schizophrenic
but i'll live on, yeah i'll live on...
by the time the night wears off, the dust is down
and shadows burn
i will rise and stand my ground
waiting for the night's return
i'm never what i like
i'm double-sided
and i just can't hide
i kinda like it
when i make you cry
cause i'm twisted up, i'm twisted up, inside
i'm never what i like!
i'm double-sided
and i just can't hide
i kinda like it
when i make you cry
cause i'm twisted up, i'm twisted up, inside my mind"
Screen,Vessel,"I do not know why I would go
In front of you and hide my soul
'Cause you're the only one who knows it
Yeah, you're the only one who knows it
And I will hide behind my pride
D-don't know why I think I could lie
'Cause there's a screen on my chest
Yeah there's a screen on my chest

(
Oh
) I'm standing in front of you
(
Oh
) I'm standing in front of you
(
Oh-oh-oh
) I'm trying to be so cool
Everything together trying to be so cool
(
Oh
) I'm standing in front of you
(
Oh
) Oh, I'm standing in front of you
(
Oh-oh-oh
) I'm trying to be so cool
Everything together trying to be so cool

I can't see past my own nose
I'm seeing everything in slo-mo
Look out below crashing down to the ground
Just like a vertical locomotive, that's a train
Am I painting the picture that's in my brain?
A train from the sky, locomotive, my motives are insane
My flow's not great, okay, I conversate with people
Who know if I flow on a song, I'll get no radio play
While you're doing fine, there's some people and I
Who have a really tough time getting through this life
So excuse us while we sing to the sky

(
Oh
) I'm standing in front of you
(
Oh
) I'm standing in front of you
(
Oh-oh-oh
) I'm trying to be so cool
Everything together trying to be so cool (I'm standing)
(
Oh
) I'm standing in front of you (I'm standing)
(
Oh
) Oh, I'm standing in front of you (I'm standing)
(
Oh-oh-oh
) Oh, I'm trying to be so cool
Everything together trying to be so cool

Ooh, oooh
Oh-oh-oh, mm
We're broken, we're broken
We're broken, we're broken people
We're broken people, yeah
We're broken, we're broken
We're broken, we're broken people
We're broken people, yeah
We're broken, we're broken
We're broken, we're broken people
We're broken people, yeah

(
Stand
) I'm standing in front of you (We're broken, we're broken)
(
Stand
) I'm standing in front of you (We're broken, we're broken people, oh)
(
Stand
) I'm trying to be so cool (We're broken people, oh, yeah)
(
Stand
) Everything together trying to be so cool
(
I'm standing
) I'm standing in front of you (We've broken, we've broken)
(
I'm standing
) Oh, I'm standing in front of you (We've broken, we've broken people, oh)
(
I'm standing, ooh-ooh
) Oh, I'm trying to be so cool (We've broken people, oh, yeah)
Everything together trying to be so cool","i do not know why i would go
in front of you and hide my soul
'cause you're the only one who knows it
yeah, you're the only one who knows it
and i will hide behind my pride
d-don't know why i think i could lie
'cause there's a screen on my chest
yeah there's a screen on my chest
(
oh
) i'm standing in front of you
(
oh
) i'm standing in front of you
(
oh-oh-oh
) i'm trying to be so cool
everything together trying to be so cool
(
oh
) i'm standing in front of you
(
oh
) oh, i'm standing in front of you
(
oh-oh-oh
) i'm trying to be so cool
everything together trying to be so cool
i can't see past my own nose
i'm seeing everything in slo-mo
look out below crashing down to the ground
just like a vertical locomotive, that's a train
am i painting the picture that's in my brain?
a train from the sky, locomotive, my motives are insane
my flow's not great, okay, i conversate with people
who know if i flow on a song, i'll get no radio play
while you're doing fine, there's some people and i
who have a really tough time getting through this life
so excuse us while we sing to the sky
(
oh
) i'm standing in front of you
(
oh
) i'm standing in front of you
(
oh-oh-oh
) i'm trying to be so cool
everything together trying to be so cool
(
oh
) i'm standing in front of you
(
oh
) oh, i'm standing in front of you
(
oh-oh-oh
) oh, i'm trying to be so cool
everything together trying to be so cool
ooh, oooh
oh-oh-oh, mm
we're broken, we're broken
we're broken, we're broken people
we're broken people, yeah
we're broken, we're broken
we're broken, we're broken people
we're broken people, yeah
we're broken, we're broken
we're broken, we're broken people
we're broken people, yeah
(
stand
) i'm standing in front of you
(
stand
) i'm standing in front of you
(
stand
) i'm trying to be so cool
(
stand
) everything together trying to be so cool
(
i'm standing
) i'm standing in front of you
(
i'm standing
) oh, i'm standing in front of you
(
i'm standing, ooh-ooh
) oh, i'm trying to be so cool
everything together trying to be so cool"
The Run and Go,Vessel,"I can't take them on my own, my own
Pa, I'm not the one you know, you know
I have killed a man and all I know is
I am on the run and go

Don't wanna call you in the nighttime
Don't wanna give you all my pieces
Don't wanna hand you all my trouble
Don't wanna give you all my demons
You'll have to watch me struggle
From several rooms away
But tonight, I'll need you to stay

Do-do-do-do, do-do-do-do
Do-do-do-do, do-do-do-do
Do-do-do-do, do-do-do-do
Do-do-do-do, do-do-do-do
Do-do-do-do, do-do-do-do
Do-do-do-do, do-do-do-do
Do-do-do-do, do-do-do-do
Do

I am up against the wall, the wall
Pa, I hear them coming down the hall
I have killed a man and all I know is
I am on the run and go

Don't wanna call you in the nighttime
Don't wanna give you all my pieces
Don't wanna hand you all my trouble
Don't wanna give you all my demons
You'll have to watch me struggle
From several rooms away
But tonight, I'll need you to stay

Do-do-do-do, do-do-do-do
Do-do-do-do, do-do-do-do
Do-do-do-do, do-do-do-do
Do-do-do-do, do-do-do-do
Do-do-do-do, do-do-do-do
Do-do-do-do, do-do-do-do
Do-do-do-do, do-do-do-do
Do-do-do-do, do-do-do-do, do, do, do

Cold nights under siege from accusations
Cerebral thunder and one-way conversations
Ooh-ooh, ooh-ooh, ooh-ooh-ooh-ooh

Don't wanna call you in the nighttime
Don't wanna give you all my pieces
Don't wanna hand you all my trouble
Don't wanna give you all my demons
You'll have to watch me struggle
From several rooms away
But tonight, I'll need you to stay

Tonight, I'll need you to stay
Tonight, I'll need you to stay
Tonight, I'll need you to stay
Tonight, I'll need you to stay!","i can't take them on my own, my own
pa, i'm not the one you know, you know
i have killed a man and all i know is
i am on the run and go
don't wanna call you in the nighttime
don't wanna give you all my pieces
don't wanna hand you all my trouble
don't wanna give you all my demons
you'll have to watch me struggle
from several rooms away
but tonight, i'll need you to stay
do-do-do-do, do-do-do-do
do-do-do-do, do-do-do-do
do-do-do-do, do-do-do-do
do-do-do-do, do-do-do-do
do-do-do-do, do-do-do-do
do-do-do-do, do-do-do-do
do-do-do-do, do-do-do-do
do
i am up against the wall, the wall
pa, i hear them coming down the hall
i have killed a man and all i know is
i am on the run and go
don't wanna call you in the nighttime
don't wanna give you all my pieces
don't wanna hand you all my trouble
don't wanna give you all my demons
you'll have to watch me struggle
from several rooms away
but tonight, i'll need you to stay
do-do-do-do, do-do-do-do
do-do-do-do, do-do-do-do
do-do-do-do, do-do-do-do
do-do-do-do, do-do-do-do
do-do-do-do, do-do-do-do
do-do-do-do, do-do-do-do
do-do-do-do, do-do-do-do
do-do-do-do, do-do-do-do, do, do, do
cold nights under siege from accusations
cerebral thunder and one-way conversations
ooh-ooh, ooh-ooh, ooh-ooh-ooh-ooh
don't wanna call you in the nighttime
don't wanna give you all my pieces
don't wanna hand you all my trouble
don't wanna give you all my demons
you'll have to watch me struggle
from several rooms away
but tonight, i'll need you to stay
tonight, i'll need you to stay
tonight, i'll need you to stay
tonight, i'll need you to stay
tonight, i'll need you to stay!"
Fake You Out,Vessel,"I want to drive away
In the night, headlights call my name
I—

I'll never be, be what you see inside
You say I'm not alone, but I am petrified
You say that you are close, is close the closest star?
You just feel twice as far, you just feel twice as far

And I'll fall, and I'll break
And I'll fake, all I wanna
(Hey-hey-hey-hey-hey...)
And I'll fall down, and I'll break down
(Oh-oh-oh-oh, ah-ah-ah-ah)
And I'll fake you out, all I wanna
(Oh-oh-oh-oh)

(Oh-oh-oh-oh, ah-ah-ah-ah)
(Oh-oh-oh-oh, ah-ah-ah-ah)
(Oh-oh-oh-oh, ah-ah-ah-ah)
(Oh-oh-oh-oh, ah-ah-ah-ah)
(Oh-oh-oh-oh, ah-ah-ah-ah)

I'm so afraid of what you have to say
'Cause I am quiet now and silence gives you space

I'll never be, be what you see inside
You say I'm not alone, but I am petrified
You say that you are close, is close the closest star?
You just feel twice as far, you just feel twice as far

And I'll fall, and I'll break
And I'll fake, all I wanna
(Hey-hey-hey-hey-hey...)
And I'll fall down, and I'll break down
(Oh-oh-oh-oh, ah-ah-ah-ah)
And I'll fake you out, all I wanna
(Oh-oh-oh-oh)

It's the same game today as it always is
I don't give these places fake my name explaining this
And the wrists of my mind have the bleeding lines
That remind me of all the times
I have committed dirty, dirty crimes that are perfectly form-fitted
To what I've done and what I'm doing
I'm brewing and losing and spewing and fusing
And believe me, that's what all the kids are doing
What kids are doing, they're killing themselves
They feel they have no control of their prisoner cell
And if you're one of them, then you're one of me
And you would do almost anything just to feel free
Yeah, am I right? Of course I am, convince me otherwise would take all night
Before you walk away, there's one more thing I want to say
Our brains are sick but that's okay

(I'll fake you out)
(I'll fake you out)
(I'll fake you out, I'll break you down)
(I'll fake you out)
And I'll fall (I'll fake you out)
And I'll break (I'll fake you out)
And I'll fake (I'll break you down)
(Oh-oh-oh-oh, ah-ah-ah-ah)
All I wanna
(I'll fake you out)
(I'll fake you out)
(Oh-oh-oh-oh, ah-ah-ah-ah)
(I'll fake you out)
(I'll break you down)
(Oh-oh-oh-oh, ah-ah-ah-ah)
(I'll fake, fake you out)
(I'll fake you out)
(Oh-oh-oh-oh, ah-ah-ah-ah)
(I'll fake you out)
(I'll break you down)
(Oh-oh-oh-oh, ah-ah-ah-ah)
All I wanna
(I'll fake you out)
Yeah, and I'll fall down, and I'll break down
(I'll fake you out, I'll fake you out)
And I'll fake you out, all I wanna
(I'll break you down, I'll fake, fake you out)
Yeah, and I'll fall down, and I'll break down
(I'll fake you out, I'll fake you out)
And I'll fake you out, all I wanna
(I'll break you down, I'll fake)

I'm so afraid of what you have to say
'Cause I am quiet now and silence gives you space","i want to drive away
in the night, headlights call my name
i—
i'll never be, be what you see inside
you say i'm not alone, but i am petrified
you say that you are close, is close the closest star?
you just feel twice as far, you just feel twice as far
and i'll fall, and i'll break
and i'll fake, all i wanna
and i'll fall down, and i'll break down
and i'll fake you out, all i wanna
i'm so afraid of what you have to say
'cause i am quiet now and silence gives you space
i'll never be, be what you see inside
you say i'm not alone, but i am petrified
you say that you are close, is close the closest star?
you just feel twice as far, you just feel twice as far
and i'll fall, and i'll break
and i'll fake, all i wanna
and i'll fall down, and i'll break down
and i'll fake you out, all i wanna
it's the same game today as it always is
i don't give these places fake my name explaining this
and the wrists of my mind have the bleeding lines
that remind me of all the times
i have committed dirty, dirty crimes that are perfectly form-fitted
to what i've done and what i'm doing
i'm brewing and losing and spewing and fusing
and believe me, that's what all the kids are doing
what kids are doing, they're killing themselves
they feel they have no control of their prisoner cell
and if you're one of them, then you're one of me
and you would do almost anything just to feel free
yeah, am i right? of course i am, convince me otherwise would take all night
before you walk away, there's one more thing i want to say
our brains are sick but that's okay
and i'll fall
and i'll break
and i'll fake
all i wanna
all i wanna
yeah, and i'll fall down, and i'll break down
and i'll fake you out, all i wanna
yeah, and i'll fall down, and i'll break down
and i'll fake you out, all i wanna
i'm so afraid of what you have to say
'cause i am quiet now and silence gives you space"
Guns for Hands,Vessel,"I know what you think in the morning
When the sun shines on the ground
And shows what you have done
It shows where your mind has gone
And you swear to your parents
That it will never happen again
I know, I know-ow-ow
What that means, I know-ow-ow-ow-ow

That you all have guns
And you never put the safety on
And you all have plans
To take it, to take it, don't take it, take it, take it

I'm trying, I'm trying to sleep
I'm trying, I'm trying to sleep
But I can't, but I can't when you all have
Guns for hands, yeah
I'm trying, I'm trying to sleep
I'm trying, I'm trying to sleep
But I can't, but I can't when you all have
Guns for hands, yeah

Let's take this a second at a time
Let's take this one song, this one rhyme
Together, let's breathe
Together, to the beat
But there's hope out the window
So that's where we'll go
Let's go outside and all join hands
But until then you'll never understand

That you all have guns
And you never put the safety on
And you all have plans
To take it, to take it, don't take it, take it, take it (Don't take it)

I'm trying, I'm trying to sleep
I'm trying, I'm trying to sleep
But I can't, but I can't when you all have
Guns for hands, yeah

Yeah, yeah, yeah, yeah
Yeah, yeah, yeah, yeah
Yeah, yeah, yeah, yeah
Yeah, yeah
Yeah, yeah, yeah, yeah
Yeah, yeah, yeah, yeah
Whoo!
(Da-da da-da-da)
(Da-da da-da-da)
(Da-da da-da-da, ah uh)
(Da-da da-da-da)

We've turned our hands to guns
Traded our thumbs for ammunition
I must forewarn you of my disorder, or my condition
'Cause when the sun sets
It upsets what's left of my invested interest
Interested in putting my fingers to my head
The solution is, I see a whole room of these mutant kids
Fused at the wrist, I simply tell them they should shoot at this
Simply suggest my chest and this confused music
It's obviously best for them to turn their guns to a fist

I'm trying, I'm trying to sleep
I'm trying, I'm trying to sleep
But I can't, but I can't when you all have
Guns for hands, yeah
I'm trying, I'm trying to sleep (I'm trying to sleep)
I'm trying, I'm trying to sleep (I'm trying to sleep)
But I can't, but I can't when you all have
Guns for hands, yeah","i know what you think in the morning
when the sun shines on the ground
and shows what you have done
it shows where your mind has gone
and you swear to your parents
that it will never happen again
i know, i know-ow-ow
what that means, i know-ow-ow-ow-ow
that you all have guns
and you never put the safety on
and you all have plans
to take it, to take it, don't take it, take it, take it
i'm trying, i'm trying to sleep
i'm trying, i'm trying to sleep
but i can't, but i can't when you all have
guns for hands, yeah
i'm trying, i'm trying to sleep
i'm trying, i'm trying to sleep
but i can't, but i can't when you all have
guns for hands, yeah
let's take this a second at a time
let's take this one song, this one rhyme
together, let's breathe
together, to the beat
but there's hope out the window
so that's where we'll go
let's go outside and all join hands
but until then you'll never understand
that you all have guns
and you never put the safety on
and you all have plans
to take it, to take it, don't take it, take it, take it
i'm trying, i'm trying to sleep
i'm trying, i'm trying to sleep
but i can't, but i can't when you all have
guns for hands, yeah
yeah, yeah, yeah, yeah
yeah, yeah, yeah, yeah
yeah, yeah, yeah, yeah
yeah, yeah
yeah, yeah, yeah, yeah
yeah, yeah, yeah, yeah
whoo!
we've turned our hands to guns
traded our thumbs for ammunition
i must forewarn you of my disorder, or my condition
'cause when the sun sets
it upsets what's left of my invested interest
interested in putting my fingers to my head
the solution is, i see a whole room of these mutant kids
fused at the wrist, i simply tell them they should shoot at this
simply suggest my chest and this confused music
it's obviously best for them to turn their guns to a fist
i'm trying, i'm trying to sleep
i'm trying, i'm trying to sleep
but i can't, but i can't when you all have
guns for hands, yeah
i'm trying, i'm trying to sleep
i'm trying, i'm trying to sleep
but i can't, but i can't when you all have
guns for hands, yeah"
Trees,Vessel,"I know where You stand
Silent in the trees
And that's where I am
Silent in the trees
Why won't You speak
Where I happen to be?
Silent in the trees
Standing cowardly

I can feel Your breath
I can feel my death
I want to know You
I want to see
I want to say
Hello, hello
Hello, oh, hello

Da da, da da da, da-da
Da da, da da da, da-da
Da da, da da da, da-da
Da da, da da da, da-da

I know where You stand
Silent in the trees
And that's where I am
Silent in the trees
Why won't You speak
Where I happen to be?
Silent in the trees
Standing cowardly

I can feel Your breath
I can feel my death
I want to know You
I want to see
I want to say

Hello (Da da, da da da, da-da
Da da, da da da, da-da)
Hello (Da da, da da da, da-da
Da da, da da da, da-da)
Hello, hello, hello, hello
(Da da, da da da, da-da
Da da, da da da, da-da)
Hello, hello, hello, hello
Yeah (Da da, da da da, da-da
Da da, da da da, da-da)

Oh, oh
Oh, oh
Oh, oh
Hello, hello! (Oh, oh)
Hello, hello! (Oh, oh)","i know where you stand
silent in the trees
and that's where i am
silent in the trees
why won't you speak
where i happen to be?
silent in the trees
standing cowardly
i can feel your breath
i can feel my death
i want to know you
i want to see
i want to say
hello, hello
hello, oh, hello
da da, da da da, da-da
da da, da da da, da-da
da da, da da da, da-da
da da, da da da, da-da
i know where you stand
silent in the trees
and that's where i am
silent in the trees
why won't you speak
where i happen to be?
silent in the trees
standing cowardly
i can feel your breath
i can feel my death
i want to know you
i want to see
i want to say
hello (da da, da da da, da-da
da da, da da da, da-da)
hello (da da, da da da, da-da
da da, da da da, da-da)
hello, hello, hello, hello
(da da, da da da, da-da
da da, da da da, da-da)
hello, hello, hello, hello
yeah (da da, da da da, da-da
da da, da da da, da-da)
oh, oh
oh, oh
oh, oh
hello, hello!
hello, hello!"
Truce,Vessel,"Now the night is coming to an end
(Ooh)
The sun will rise and we will try again
(Ooh)

Stay alive, stay alive for me
You will die, but now your life is free
Take pride in what is sure to die

I will fear the night again
(Ooh)
I hope I'm not my only friend
(Ooh)

Stay alive, stay alive for me
You will die, but now your life is free
Take pride in what is sure to die","now the night is coming to an end
the sun will rise and we will try again
stay alive, stay alive for me
you will die, but now your life is free
take pride in what is sure to die
i will fear the night again
i hope i'm not my only friend
stay alive, stay alive for me
you will die, but now your life is free
take pride in what is sure to die"
Good Day,Scaled And Icy,"I can feel my saturation
Leaving me slowly
Broke the news on Mom's vacation
Oh, but you know me

Low-key, I'm alright
Would you say you depend on the weather?
My sunshine
Is a buzz and a light, I'll be singing out
I know it's hard to believe me, it's a good day

Lost my job, my wife and child
Homie just sued me
Shoot my life in shoot-'em-up style
Her favorite movies

Low-key, I'm alright
Would you say you depend on the weather?
My sunshine
Is a buzz and a light, I'll be singing out
I know it's hard to believe me, it's a good day

Today's a good day, never know, never know
When the next one will show, it'll show
So I'ma sing my soul, I'ma sing my soul (Da-da-da)
Today's a good day, never know, never know
When the next one will show, it'll show
So I'ma sing my soul, I'ma sing my soul, yeah
(So I'ma sing my soul, I'ma sing my soul)

I'm alright
Would you say you depend on the weather?
My sunshine
Is a buzz and a light, I'll be singing out
I know it's hard to believe me, it's a good day

I'm alright
I'm alright
I think that I'm alright
It's a good day","i can feel my saturation
leaving me slowly
broke the news on mom's vacation
oh, but you know me
low-key, i'm alright
would you say you depend on the weather?
my sunshine
is a buzz and a light, i'll be singing out
i know it's hard to believe me, it's a good day
lost my job, my wife and child
homie just sued me
shoot my life in shoot-'em-up style
her favorite movies
low-key, i'm alright
would you say you depend on the weather?
my sunshine
is a buzz and a light, i'll be singing out
i know it's hard to believe me, it's a good day
today's a good day, never know, never know
when the next one will show, it'll show
so i'ma sing my soul, i'ma sing my soul
today's a good day, never know, never know
when the next one will show, it'll show
so i'ma sing my soul, i'ma sing my soul, yeah
i'm alright
would you say you depend on the weather?
my sunshine
is a buzz and a light, i'll be singing out
i know it's hard to believe me, it's a good day
i'm alright
i'm alright
i think that i'm alright
it's a good day"
Choker,Scaled And Icy,"Mm-mm, mm-mm, mm-mm
Mm-mm, mm-mm, mm-mm

I don't bother anyone
Nervous when I stand
Chokin' on the circumstance
Only smokin' secondhand (Mm-mm)
Cut us open, spread us out (Mm-mm)
Dry us in the sand (Mm-mm)
Lay the fibers side by side (Mm-mm)
And you'll begin to understand (Mm-mm)

I know it's over
I was born a choker
Nobody's comin' for me
Comin' for me

Mm-mm (I know it's over)
Mm-mm, mm-mm, mm-mm

I don't bother anyone
Never make demands
Chokin' on the circumstance
Self-sabotage is a sweet romance (Mm-mm)
Seems like all I'm worth is what I'm able to withstand (Mm-mm)
Sooner I can realize that pain is just a middleman

I know it's over
I was born a choker
Nobody's comin' for me

I see no volunteers to co-sign on my fears
I'll sign on the line
Alone, I'm gonna change my circumstance
I know I need to move right now

'Cause I know it's over
I was born a choker
Nobody's comin' for me (Only smokin' secondhand)
I know it's over
I was born a choker
Nobody's comin' for me
Comin' for me

Like a little splinter buried in your skin
Someone else can carve it out but when you've got the pin
It hurts a little less and you can even push it further in
When your body's screamin' out, trust your mind's listenin'
Like a silhouette that you can barely see
As a shadow cast upon the ground where you'll eventually
Lay forever, but the day goes on, the sun moves behind you
You get taller, bolder, stronger, and the rearview only blinds you

Mm-mm, mm-mm, mm-mm","mm-mm, mm-mm, mm-mm
mm-mm, mm-mm, mm-mm
i don't bother anyone
nervous when i stand
chokin' on the circumstance
only smokin' secondhand
cut us open, spread us out
dry us in the sand
lay the fibers side by side
and you'll begin to understand
i know it's over
i was born a choker
nobody's comin' for me
comin' for me
mm-mm
mm-mm, mm-mm, mm-mm
i don't bother anyone
never make demands
chokin' on the circumstance
self-sabotage is a sweet romance
seems like all i'm worth is what i'm able to withstand
sooner i can realize that pain is just a middleman
i know it's over
i was born a choker
nobody's comin' for me
i see no volunteers to co-sign on my fears
i'll sign on the line
alone, i'm gonna change my circumstance
i know i need to move right now
'cause i know it's over
i was born a choker
nobody's comin' for me
i know it's over
i was born a choker
nobody's comin' for me
comin' for me
like a little splinter buried in your skin
someone else can carve it out but when you've got the pin
it hurts a little less and you can even push it further in
when your body's screamin' out, trust your mind's listenin'
like a silhouette that you can barely see
as a shadow cast upon the ground where you'll eventually
lay forever, but the day goes on, the sun moves behind you
you get taller, bolder, stronger, and the rearview only blinds you
mm-mm, mm-mm, mm-mm"
Shy Away,Scaled And Icy,"When I get home
You better not be there
We're placin' bets you won't

Shed your modesty
And the only thing to leave behind
Is your own skin on the floor

Don't you shy away (Ah-ah-ah)
Manifest a ceiling
When you shy away (Ah-ah-ah)
Searchin' for that feelin'
Just like an ""I love you"" (Ooh, ooh)
That isn't words (Ooh, ooh)
Like a song he wrote that's never heard (Ah-ah-ah)
Don't you sh—

When you get home
You barely recognize the pictures
They put in a frame

'Cause you shed your modеsty
Don't circle the track
Take what you havе
And leave your skin on the floor

Don't you shy away (Ah-ah-ah)
Manifest a ceiling
When you shy away (Ah-ah-ah)
Searchin' for that feelin'
Just like an ""I love you"" (Ooh, ooh)
That isn't words (Ooh, ooh)
Like a song he wrote (Ah-ah-ah)
That's never heard

When I get home
Boy, you better not be there
You're long gone

Shed your modesty
Don't circle the track
Just break the cycle in half
And leave your skin on the floor

Don't you shy away (Ah-ah-ah)
Manifest a ceiling
When you shy away (Ah-ah-ah)
Searchin' for that feelin'
Just like an ""I love you"" (Ooh, ooh)
That isn't words (Ooh, ooh)
Like a song he wrote (Ah-ah-ah)
That's never heard
That's never heard (Ah-ah-ah, ah-ah-ah)

An ""I love you""
That isn't words
Like a song he wrote
That's never heard
Don't you shy away","when i get home
you better not be there
we're placin' bets you won't
shed your modesty
and the only thing to leave behind
is your own skin on the floor
don't you shy away
manifest a ceiling
when you shy away
searchin' for that feelin'
just like an ""i love you""
that isn't words
like a song he wrote that's never heard
don't you sh—
when you get home
you barely recognize the pictures
they put in a frame
'cause you shed your modеsty
don't circle the track
take what you havе
and leave your skin on the floor
don't you shy away
manifest a ceiling
when you shy away
searchin' for that feelin'
just like an ""i love you""
that isn't words
like a song he wrote
that's never heard
when i get home
boy, you better not be there
you're long gone
shed your modesty
don't circle the track
just break the cycle in half
and leave your skin on the floor
don't you shy away
manifest a ceiling
when you shy away
searchin' for that feelin'
just like an ""i love you""
that isn't words
like a song he wrote
that's never heard
that's never heard
an ""i love you""
that isn't words
like a song he wrote
that's never heard
don't you shy away"
The Outside,Scaled And Icy,"I'm already bored
I'm pretty sure I've seen this one before
I've got a long drive, I'll tape my eyes
So I don't fall asleep again
Singin' out

Up and down, they're nodding
Heads are moving up and down, you got it
Everybody stand in line (Up and down, you got it)
One by one, take a hit, join the club
Kids will try to take my vibes
Or am I on the outside? (Am I on the outside?)

I've got a long drive, I'll tape my eyes
So I don't fall asleep again (Ooh-oh)
Singin' out

Up and down, they're nodding
Heads are moving up and down, you got it
Everybody stand in line (Up and down, you got it)
One by one, take a hit, join the club
Kids will try to take my vibes (Up and down, you got it)
Or am I on the outside?

Am I on the outside?
Am I on the outside?

I am a Megalodon, ocean's feelin' like a pond (Like a pond)
Swimmin' like a beast, underneath, they be clingin' on (Clingin' on)
Meteoric rise in prehistoric times
Now that meteor is comin', comin'
I am Megatron, cogs I'm steppin' on (Steppin' on)
Then the little cogs get together, start a renaissance (A renaissance)
Switch it up on me, fuel efficiency
On fumes, I am runnin', runnin', runnin'

Up and down, they're nodding
Heads are moving up and down, you got it
Everybody up and down, they're nodding
Heads are moving up and down, you got it
Everybody stand in line (Up and down, you got it)
One by one, take a hit, join the club
Kids will try to take my vibes (Up and down, you got it)
Or am I on the outside?

In the summer heat, in the summer heat
I'm in the street, I'm in the street
I'm on the outside
In the summer heat (In the summer heat)
You can pay the cover charge
I'm in the street (I'm in the street)
Little did they know
That they can't touch me (Touch me)
I'm vibing, vibing
I'm on the outside
In the summer heat (In the summer heat)
You can pay the cover charge
I'm in the street (I'm in the street)
Little did they know
That they can't touch me (Touch me)
I'm vibing, vibing, yeah
Yeah
Yeah
Yeah","i'm already bored
i'm pretty sure i've seen this one before
i've got a long drive, i'll tape my eyes
so i don't fall asleep again
singin' out
up and down, they're nodding
heads are moving up and down, you got it
everybody stand in line
one by one, take a hit, join the club
kids will try to take my vibes
or am i on the outside?
i've got a long drive, i'll tape my eyes
so i don't fall asleep again
singin' out
up and down, they're nodding
heads are moving up and down, you got it
everybody stand in line
one by one, take a hit, join the club
kids will try to take my vibes
or am i on the outside?
am i on the outside?
am i on the outside?
i am a megalodon, ocean's feelin' like a pond
swimmin' like a beast, underneath, they be clingin' on
meteoric rise in prehistoric times
now that meteor is comin', comin'
i am megatron, cogs i'm steppin' on
then the little cogs get together, start a renaissance
switch it up on me, fuel efficiency
on fumes, i am runnin', runnin', runnin'
up and down, they're nodding
heads are moving up and down, you got it
everybody up and down, they're nodding
heads are moving up and down, you got it
everybody stand in line
one by one, take a hit, join the club
kids will try to take my vibes
or am i on the outside?
in the summer heat, in the summer heat
i'm in the street, i'm in the street
i'm on the outside
in the summer heat
you can pay the cover charge
i'm in the street
little did they know
that they can't touch me
i'm vibing, vibing
i'm on the outside
in the summer heat
you can pay the cover charge
i'm in the street
little did they know
that they can't touch me
i'm vibing, vibing, yeah
yeah
yeah
yeah"
Saturday,Scaled And Icy,"Slow down on Monday
Not a sound on Wednesday, yeah
Might get loud (Ayy) on Friday
But on Saturday, Saturday, Saturday
We paint the town

Lose my sense a time or two
Weeks feel like days
Medicate in the afternoon
And I just want to know;
Have you lost your footing, too?
I just pray that I'm not losing you

Catch me floatin' circles in my fishbowl
Keep things fresh
She said that I should change my clothes
I exaggerate the life we used to know, oh, oh

Slow down on Monday
Not a sound on Wednesday, yeah
Might get loud (Ayy) on Friday
But on Saturday, Saturday, Saturday
We paint the town

Ooh, you're good
These are my dancin' shoes
We paint the town
Ooh, you're good
Thought I would dance with you
Might get loud (Ayy) on Friday
But on Saturday, Saturday, Saturday
We paint the town

(Feelin' great)
Life moves slow on the ocean floor
(Feelin' great)
I can't feel the waves anymore
Did the tide forget to move?
I just pray that I'm not losin' you

Catch me floatin' circles in my fishbowl
Keep things fresh
She said that I should change my clothes
I exaggerate the life we used to know, oh, yeah
[Interlude: Tyler Joseph & 
Jenna Joseph
]
Workin' on music?
Yeah
I-I'll just go to bed, I'm tired
I wanna watch 'Friends' with you
Oh, if you feel like you have time to do a song or you're inspired
You should just go for it (Oh)

Slow down on Monday (Yeah, yeah)
Not a sound on Wednesday
Might get loud (Ayy) on Friday
But on Saturday, Saturday, Saturday
We paint the town

Da-da-da-da-da-da-da-da
We paint the, on
Might get loud (Ayy) on Friday
But on Saturday, Saturday, Saturday","slow down on monday
not a sound on wednesday, yeah
might get loud on friday
but on saturday, saturday, saturday
we paint the town
lose my sense a time or two
weeks feel like days
medicate in the afternoon
and i just want to know;
have you lost your footing, too?
i just pray that i'm not losing you
catch me floatin' circles in my fishbowl
keep things fresh
she said that i should change my clothes
i exaggerate the life we used to know, oh, oh
slow down on monday
not a sound on wednesday, yeah
might get loud on friday
but on saturday, saturday, saturday
we paint the town
ooh, you're good
these are my dancin' shoes
we paint the town
ooh, you're good
thought i would dance with you
might get loud on friday
but on saturday, saturday, saturday
we paint the town
life moves slow on the ocean floor
i can't feel the waves anymore
did the tide forget to move?
i just pray that i'm not losin' you
catch me floatin' circles in my fishbowl
keep things fresh
she said that i should change my clothes
i exaggerate the life we used to know, oh, yeah
[interlude: tyler joseph &
jenna joseph
]
workin' on music?
yeah
i-i'll just go to bed, i'm tired
i wanna watch 'friends' with you
oh, if you feel like you have time to do a song or you're inspired
you should just go for it
slow down on monday
not a sound on wednesday
might get loud on friday
but on saturday, saturday, saturday
we paint the town
da-da-da-da-da-da-da-da
we paint the, on
might get loud on friday
but on saturday, saturday, saturday"
Never Take It,Scaled And Icy,"Ooh, ooh
Ooh, ooh
Ooh, ooh
Ooh, ooh
Ooh, ooh
Ooh, ooh
Ooh, ooh
Ooh

Now that they know information (Information)
Is just a currency and nothing more
Keep the truth in quotations (In quotations)
'Cause they keep lying through their fake teeth

Oh-oh-oh, they're trying hard to weaponize
You and I, we'll never take it
Oh-oh-oh, they're asking for a second try
You and I will never take it

Ooh, ooh
Ooh, ooh
Ooh, ooh
Ooh, ooh
Ooh, ooh
Ooh

Why cure disease of confusion (Of confusion)
When you're the treatment facility?
How can we seek restitution (Restitution)
When they keep lying through their fake teeth?

Oh-oh-oh, they're trying hard to weaponize
You and I, we'll nеver take it
Oh-oh-oh, they'rе asking for a second try
You and I will never take it (Yeah, ah-ah-ah)
Will never take it
Oh-oh-oh, they're asking for a second try
You and I will never take it from 'em

(Ooh-ooh)
The summer I watched the tube, I saw enough
Taught myself to play guitar, tearing it up
And my advice on those two things that I picked up
You better educate yourself, but never too much
The summer I watched the tube (Ooh-ooh), I saw enough (I saw enough)
Taught myself to play guitar (Ooh-ooh), tearing it up (Tearing it up)
And my advice on those two things (Ooh-ooh) that I picked up (I picked up)
You better educate yourself (Ooh), but never too much (Never too much)

(Weaponize, you and I)
Never take it, oh-oh-oh
They profit from a great divide
You and I will never take it


Ooh, ooh
Ooh, ooh
Ooh, ooh
Ooh, ooh
Ooh, ooh
Ooh, ooh
Ooh, ooh
Yeah, yeah, yeah

Oh-oh-oh, they're trying hard to weaponize
You and I, we'll never take it
Oh-oh-oh, they're asking for a second try
You and I will never take it

Ooh, ooh
Ooh, ooh
Ooh, ooh
Ooh, ooh
Ooh, ooh
Ooh, ooh
Ooh, ooh
Ooh","ooh, ooh
ooh, ooh
ooh, ooh
ooh, ooh
ooh, ooh
ooh, ooh
ooh, ooh
ooh
now that they know information
is just a currency and nothing more
keep the truth in quotations
'cause they keep lying through their fake teeth
oh-oh-oh, they're trying hard to weaponize
you and i, we'll never take it
oh-oh-oh, they're asking for a second try
you and i will never take it
ooh, ooh
ooh, ooh
ooh, ooh
ooh, ooh
ooh, ooh
ooh
why cure disease of confusion
when you're the treatment facility?
how can we seek restitution
when they keep lying through their fake teeth?
oh-oh-oh, they're trying hard to weaponize
you and i, we'll nеver take it
oh-oh-oh, they'rе asking for a second try
you and i will never take it
will never take it
oh-oh-oh, they're asking for a second try
you and i will never take it from 'em
the summer i watched the tube, i saw enough
taught myself to play guitar, tearing it up
and my advice on those two things that i picked up
you better educate yourself, but never too much
the summer i watched the tube , i saw enough
taught myself to play guitar , tearing it up
and my advice on those two things that i picked up
you better educate yourself , but never too much
never take it, oh-oh-oh
they profit from a great divide
you and i will never take it
ooh, ooh
ooh, ooh
ooh, ooh
ooh, ooh
ooh, ooh
ooh, ooh
ooh, ooh
yeah, yeah, yeah
oh-oh-oh, they're trying hard to weaponize
you and i, we'll never take it
oh-oh-oh, they're asking for a second try
you and i will never take it
ooh, ooh
ooh, ooh
ooh, ooh
ooh, ooh
ooh, ooh
ooh, ooh
ooh, ooh
ooh"
Mulberry Street,Scaled And Icy,"One, two, three, yeah
Ah, ah
Keep your bliss, there's nothing wrong with this, no (Wrong with this, no)
Ah-ah-ah-ah, yeah, whoo-ooh
Keep your bliss, there's nothing wrong with this, no (Wrong with this, no)

Keep your sunny days, leave us in the rain
Tie strings to our hands and feet to rain on your parade
You can have the weekends, we will live between them
Keep your pills, save your breath, and don't ever forget

Get out of our way, we're moving sideways
Welcome to Mulberry Street, yeah
So move out of our way, we're pushing sideways
Keep sidewalk under your feet

Ain't no sunny skies 'til you finally realize
That evеrybody relies on synthetic highs (Synthеtic highs)
They find someone to prescribe
Keep your bliss, there's nothing wrong with this
We just want to feel it all
Keep your pills, save your breath, and don't ever forget

Get out of our way, we're moving sideways
Welcome to Mulberry Street, yeah
So move out of our way, we're pushing sideways
Keep sidewalk under your feet
(Ain't no sunny skies…)

(Ah-ah-ah-ah)
When times aren't the best and I'm on the edge
I'll listen for a song in the distance
Mulberry Street, so good to see you
Mulberry Street, so good to see you
Mulberry Street, so good to see you
Mulberry Street
And don't ever forget

Get out of our way, we're moving sideways
Welcome to Mulberry Street, yeah
So move out of our way, we're pushing sideways (Sideways)
Keep sidewalk under your feet (Yeah, ooh) (Keep your sunny days)
Get out of our way, we're moving sideways (We're moving sideways)
Welcome to Mulberry Street (Yeah, so good to see you)
So move out of our way (So good, so good), we're pushing sideways
Keep sidewalk under your feet (Mulberry Street, so good to see you)

Keep your bliss, there's nothing wrong with this, no","one, two, three, yeah
ah, ah
keep your bliss, there's nothing wrong with this, no
ah-ah-ah-ah, yeah, whoo-ooh
keep your bliss, there's nothing wrong with this, no
keep your sunny days, leave us in the rain
tie strings to our hands and feet to rain on your parade
you can have the weekends, we will live between them
keep your pills, save your breath, and don't ever forget
get out of our way, we're moving sideways
welcome to mulberry street, yeah
so move out of our way, we're pushing sideways
keep sidewalk under your feet
ain't no sunny skies 'til you finally realize
that evеrybody relies on synthetic highs
they find someone to prescribe
keep your bliss, there's nothing wrong with this
we just want to feel it all
keep your pills, save your breath, and don't ever forget
get out of our way, we're moving sideways
welcome to mulberry street, yeah
so move out of our way, we're pushing sideways
keep sidewalk under your feet
when times aren't the best and i'm on the edge
i'll listen for a song in the distance
mulberry street, so good to see you
mulberry street, so good to see you
mulberry street, so good to see you
mulberry street
and don't ever forget
get out of our way, we're moving sideways
welcome to mulberry street, yeah
so move out of our way, we're pushing sideways
keep sidewalk under your feet
get out of our way, we're moving sideways
welcome to mulberry street
so move out of our way , we're pushing sideways
keep sidewalk under your feet
keep your bliss, there's nothing wrong with this, no"
Formidable,Scaled And Icy,"You are formidable to me
'Cause you seem to know it, where you wanna go
Yeah, yeah, yeah, I'll follow you
But you should know I might be cynical towards you
But I just can't believe that I'm for you
Yeah, yeah, yeah, I can die with you
Just let me know
(Yeah, yeah)

And I know that we just met
But could you take me everywhere you've ever been?
I wanna see it all, no surprises
Yeah

You are formidable to me
'Cause you seem to know it, where you wanna go
Yeah, yeah, yеah, I'll follow you
But you should know I might be clinical, don't you tell
I won't break your hеart if you can break my spell
Yeah, yeah, yeah, I can die with you
Just let me know

Fast-forward thirteen years now
Don't know what it was, but somehow, we played it out in reverse
I'm afraid of you now, more than I was at first
And I know you just left
But can I take you everywhere we've ever been?
I wanna see it all, no surprises, yeah

You are formidable to me
'Cause you seem to know it, where you wanna go
Yeah, yeah, yeah, I'll follow you
But you should know I might be cynical towards you
I'm just worried my loyalty will bore you
Yeah, yeah, yeah, I can die with you
Just let me know
Yeah, yeah, yeah, I can die with you
Just let me know","you are formidable to me
'cause you seem to know it, where you wanna go
yeah, yeah, yeah, i'll follow you
but you should know i might be cynical towards you
but i just can't believe that i'm for you
yeah, yeah, yeah, i can die with you
just let me know
and i know that we just met
but could you take me everywhere you've ever been?
i wanna see it all, no surprises
yeah
you are formidable to me
'cause you seem to know it, where you wanna go
yeah, yeah, yеah, i'll follow you
but you should know i might be clinical, don't you tell
i won't break your hеart if you can break my spell
yeah, yeah, yeah, i can die with you
just let me know
fast-forward thirteen years now
don't know what it was, but somehow, we played it out in reverse
i'm afraid of you now, more than i was at first
and i know you just left
but can i take you everywhere we've ever been?
i wanna see it all, no surprises, yeah
you are formidable to me
'cause you seem to know it, where you wanna go
yeah, yeah, yeah, i'll follow you
but you should know i might be cynical towards you
i'm just worried my loyalty will bore you
yeah, yeah, yeah, i can die with you
just let me know
yeah, yeah, yeah, i can die with you
just let me know"
Bounce Man,Scaled And Icy,"You should bounce, bounce, bounce, man
Come to the house, man, I'll let my old lady know
You'll be in and out, out, out, man
Float you a couple bands, then you head to Mexico
Haha
I'll let my old lady know
What'd you do, man?
My friend, yeah, yeah (
Then you head to Mexico
)

I don't know if you've got your phone
'Cause this went straight to voicemail
And my wife saw your face on the nightly news
Oh boy, what'd you do?
Don't matter now
If you need a piece, I'll break it down (Break it down)

You should bounce, bounce, bounce, man
Come to the house, man, I'll let my old lady know
You'll be in and out, out, out, man
Float you a couple bands, then you head to Mexico
Yeah, I told you all along
Runnin' away don't make you wrong
Before you bounce, bounce, bounce, man
Come to the house, man, we'll sing one more song
So long

I'll let my old lady know, so long
Then you head to Mexico

If they come knockin' (Pop, pop, pop)
Ain't no stoppin' me for you
Just let me know you're good on your amenities
Got soldiers on my pedigree
If you don't reply (If you don't reply)
I'll know you must have crossed state lines
She's been cryin', but I'll tell her you're fine
Don't matter now
If you need a piece, I'll break it down (Break it down)

You should bounce, bounce, bounce, man
Come to the house, man, I'll let my old lady know
You'll be in and out, out, out, man
Float you a couple bands, then you head to Mexico
Yeah, I told you all along
Runnin' away don't make you wrong
Before you bounce, bounce, bounce, man
Come to the house, man, we'll sing one more song
So long

Da-da-da, ba-da-da-da
I'll let my old lady know, so long
Da-da-da, ba-da-da-da
Then you head to Mexico

Yeah, I told you all along (Da-da-da, ba-da-da-da)
Runnin' away don't make you wrong
Before you bounce, bounce, bounce, man (Da-da-da, ba-da-da-da)
Come to the house, man, we'll sing one more song
So long","you should bounce, bounce, bounce, man
come to the house, man, i'll let my old lady know
you'll be in and out, out, out, man
float you a couple bands, then you head to mexico
haha
i'll let my old lady know
what'd you do, man?
my friend, yeah, yeah (
then you head to mexico
)
i don't know if you've got your phone
'cause this went straight to voicemail
and my wife saw your face on the nightly news
oh boy, what'd you do?
don't matter now
if you need a piece, i'll break it down
you should bounce, bounce, bounce, man
come to the house, man, i'll let my old lady know
you'll be in and out, out, out, man
float you a couple bands, then you head to mexico
yeah, i told you all along
runnin' away don't make you wrong
before you bounce, bounce, bounce, man
come to the house, man, we'll sing one more song
so long
i'll let my old lady know, so long
then you head to mexico
if they come knockin'
ain't no stoppin' me for you
just let me know you're good on your amenities
got soldiers on my pedigree
if you don't reply
i'll know you must have crossed state lines
she's been cryin', but i'll tell her you're fine
don't matter now
if you need a piece, i'll break it down
you should bounce, bounce, bounce, man
come to the house, man, i'll let my old lady know
you'll be in and out, out, out, man
float you a couple bands, then you head to mexico
yeah, i told you all along
runnin' away don't make you wrong
before you bounce, bounce, bounce, man
come to the house, man, we'll sing one more song
so long
da-da-da, ba-da-da-da
i'll let my old lady know, so long
da-da-da, ba-da-da-da
then you head to mexico
yeah, i told you all along
runnin' away don't make you wrong
before you bounce, bounce, bounce, man
come to the house, man, we'll sing one more song
so long"
No Chances,Scaled And Icy,"We come for you, no chances
We come for you, no chances

(Mm)
In my house shoes in a foot race
In this house, we got feng shui
Get the door to blow you away
Flamethrower, you a switchblade
Feet planted on grip tape
With my shoulders squared and my back straight
Got a good base and a loose tongue
Notorious in the octagon, now

Mm, ba-da-dum, ba-da-dum-bum
We got people on the way
We want you home in one piece now (Run away, run away)
Mm, ba-da-dum, ba-da-dum-bum
We get bodies every day
We want you home in one piece now

We come for you, no chances
We come for you, no chances

How'd you get the location? Put together pieces?
They say they sell the information
In those terms of agreement
We spent some weekends on the grind
Surveillances outside, we see when you arrive
Ride or die, my son
Spent some weekends on the grind
Surveillances outside, we see when you arrive
Ride or die, my son

Mm, ba-da-dum, ba-da-dum-bum
We got people on the way
We want you home in one piece now (Run away, run away)
Mm, ba-da-dum, ba-da-dum-bum
We get bodies every day
We want you home in one piece now (Run away, run away)
Mm, ba-da-dum, ba-da-dum-bum
Mm, ba-da-dum, ba-da-dum-bum
We got people on the way
We want you home in one piece now (Run away, run away)
Mm, ba-da-dum, ba-da-dum-bum
We get bodies every day
We want you home in one piece now

We come for you, no chances
We come for you, no chances

We-we-we
Mm-mm-mm, yeah
Mm-mm, yeah
Mm-mm-mm, yeah
Mm-mm, yeah
We spent some weekends on the grind
Surveillances outside, we see when you arrive
Ride or die, my son
Spent some weekends on the grind
Surveillances outside, we see when you arrive
Ride or die, my son","we come for you, no chances
we come for you, no chances
in my house shoes in a foot race
in this house, we got feng shui
get the door to blow you away
flamethrower, you a switchblade
feet planted on grip tape
with my shoulders squared and my back straight
got a good base and a loose tongue
notorious in the octagon, now
mm, ba-da-dum, ba-da-dum-bum
we got people on the way
we want you home in one piece now
mm, ba-da-dum, ba-da-dum-bum
we get bodies every day
we want you home in one piece now
we come for you, no chances
we come for you, no chances
how'd you get the location? put together pieces?
they say they sell the information
in those terms of agreement
we spent some weekends on the grind
surveillances outside, we see when you arrive
ride or die, my son
spent some weekends on the grind
surveillances outside, we see when you arrive
ride or die, my son
mm, ba-da-dum, ba-da-dum-bum
we got people on the way
we want you home in one piece now
mm, ba-da-dum, ba-da-dum-bum
we get bodies every day
we want you home in one piece now
mm, ba-da-dum, ba-da-dum-bum
mm, ba-da-dum, ba-da-dum-bum
we got people on the way
we want you home in one piece now
mm, ba-da-dum, ba-da-dum-bum
we get bodies every day
we want you home in one piece now
we come for you, no chances
we come for you, no chances
we-we-we
mm-mm-mm, yeah
mm-mm, yeah
mm-mm-mm, yeah
mm-mm, yeah
we spent some weekends on the grind
surveillances outside, we see when you arrive
ride or die, my son
spent some weekends on the grind
surveillances outside, we see when you arrive
ride or die, my son"
Redecorate,Scaled And Icy,"There was a wonderful structure to the city
And it put my cares to rest
(Ooh-ooh-ooh
Ooh-ooh-ooh)

Takin' inventory of his life
Seein' snapshots chronologically in line
Something told him he should look around and tidy up
He collected many things but never quite enough
Tried lookin' at it from a new perspective
Flat on his back but he still heard the directive
Orders from that corner where that shadow always lived
Never asked permission, he just hopes that they forgive

I don't want to go like this (Ooh-ooh-ooh)
At least let me clean my room
I don't want to leave like this (Ooh-ooh-ooh)
'Cause the last thing I want to do is
Make my people make decisions, wonderin' what to do, oh
Should they keep it on display
Or redecorate?

Blankets over mirrors, she tends to like it
She's not afraid of her reflection
But of what she might see behind it
She had plans to change her name (Yeah)
Just not the traditional way (Yeah)
Haunted by a couple big mistakes
She covers all the dents with the way she decorates
Then one night, she got cold with no blankets on her bed
So she ripped them off the mirror, stepped back and she said

I don't want to go like this (Ooh-ooh-ooh)
At least let me clean my room
I don't want to leave like this (Ooh-ooh-ooh)
'Cause the last thing I want to do is
Make my people make decisions, wonderin' what to do, oh
Should they keep it on display
Or redecorate?

With the bells and the whistles scaled back
Like an isolated track
And he feels trapped when he's not inebriated
Fair to say he's fairly sedated most days of the week
He might have made it if he lived on a different street
I repeat, scaled back and isolated
He says he likes an open schedule, but he mostly hates it
If you're running to his room, take a breath before you break in
Put your ear up to the door, tell me, can you hear him saying?

I don't want to go like this
At least let me clean my room
I don't want to leave like this
'Cause the last thing I want to do is
Make my people make decisions, wondering what to do, oh
Should they keep it on display
Or redecorate?
I don't want to go like this (Go like this)
At least let me clean my room
I don't want to leave like this (Leave like this)
'Cause the last thing I want to do is
Make my people make decisions, wondering what to do, oh
Should they keep it on display
Or redecorate?

(Ooh-ooh-ooh
Ooh-ooh-ooh)
Or redecorate?
(Ooh-ooh-ooh
Ooh-ooh-ooh)
Or redecorate?","there was a wonderful structure to the city
and it put my cares to rest
(ooh-ooh-ooh
ooh-ooh-ooh)
takin' inventory of his life
seein' snapshots chronologically in line
something told him he should look around and tidy up
he collected many things but never quite enough
tried lookin' at it from a new perspective
flat on his back but he still heard the directive
orders from that corner where that shadow always lived
never asked permission, he just hopes that they forgive
i don't want to go like this
at least let me clean my room
i don't want to leave like this
'cause the last thing i want to do is
make my people make decisions, wonderin' what to do, oh
should they keep it on display
or redecorate?
blankets over mirrors, she tends to like it
she's not afraid of her reflection
but of what she might see behind it
she had plans to change her name
just not the traditional way
haunted by a couple big mistakes
she covers all the dents with the way she decorates
then one night, she got cold with no blankets on her bed
so she ripped them off the mirror, stepped back and she said
i don't want to go like this
at least let me clean my room
i don't want to leave like this
'cause the last thing i want to do is
make my people make decisions, wonderin' what to do, oh
should they keep it on display
or redecorate?
with the bells and the whistles scaled back
like an isolated track
and he feels trapped when he's not inebriated
fair to say he's fairly sedated most days of the week
he might have made it if he lived on a different street
i repeat, scaled back and isolated
he says he likes an open schedule, but he mostly hates it
if you're running to his room, take a breath before you break in
put your ear up to the door, tell me, can you hear him saying?
i don't want to go like this
at least let me clean my room
i don't want to leave like this
'cause the last thing i want to do is
make my people make decisions, wondering what to do, oh
should they keep it on display
or redecorate?
i don't want to go like this
at least let me clean my room
i don't want to leave like this
'cause the last thing i want to do is
make my people make decisions, wondering what to do, oh
should they keep it on display
or redecorate?
(ooh-ooh-ooh
ooh-ooh-ooh)
or redecorate?
(ooh-ooh-ooh
ooh-ooh-ooh)
or redecorate?"
The Hype (Berlin),Location Sessions,"(Hype)

Sometimes I feel cold, even paralyzed
My interior world needs to sanitize
It might take some friends and a warmer shirt
But you don't get thick skin without getting burnt

Nice to know my kind will be on my side
I don't believe the hype
And you know you're a terrible sight
But you'll be just fine
Just don't believe the hype

Just don't believe the hype
Take it from me, you'll be with your kind, yeah
Just don't believe the hype
Everywhere you go, you won't be surprised, yeah
(Hype)

Sometimes I feel cold, even paralyzed
My interior world needs to sanitize
It might take some friends and a warmer shirt
But you don't get thick skin without getting burnt

Nice to know my kind will be on my side
I don't believe the hype
And you know you're a terrible sight
But you'll be just fine
Just don't believe the hype
(Take me with you)

Just don't believe the hype (Just don't, just don't, just don't)
Take it from me, you'll be with your kind, yeah (The hype)
Just don't believe the hype (Just don't, just don't, just don't)
Everywhere you go, you won't be surprised, yeah
(Hype)

(We’re gonna rely pretty heavily
On technology
And energy
To cover up the fact that we’re only two people
But I think we can do it)

No, I don't know which way I'm goin'
But I can hear the way, yeah
No, I don't know which way I'm goin'
But I can hear the way, yeah yeah
Yeah yeah, yeah yeah
You'll be with your kind, yeah yeah
Yeah yeah, yeah yeah
You'll be with your kind, yeah yeah
No, I don't know which way I'm goin' (Yeah yeah, yeah yeah)
You'll be with your kind, yeah yeah
No, I don't know which way I'm goin' (Yeah yeah, yeah yeah)
You'll be with your kind, yeah

Just don't, just don't
Just don't believe the… (Hype)
Just don't, just don't
Just don't believe it
Just don't, just don't
Just don't believe the… (Hype)
Just don't, just don't
Just don't believe it","sometimes i feel cold, even paralyzed
my interior world needs to sanitize
it might take some friends and a warmer shirt
but you don't get thick skin without getting burnt
nice to know my kind will be on my side
i don't believe the hype
and you know you're a terrible sight
but you'll be just fine
just don't believe the hype
just don't believe the hype
take it from me, you'll be with your kind, yeah
just don't believe the hype
everywhere you go, you won't be surprised, yeah
sometimes i feel cold, even paralyzed
my interior world needs to sanitize
it might take some friends and a warmer shirt
but you don't get thick skin without getting burnt
nice to know my kind will be on my side
i don't believe the hype
and you know you're a terrible sight
but you'll be just fine
just don't believe the hype
just don't believe the hype
take it from me, you'll be with your kind, yeah
just don't believe the hype
everywhere you go, you won't be surprised, yeah
(we’re gonna rely pretty heavily
on technology
and energy
to cover up the fact that we’re only two people
but i think we can do it)
no, i don't know which way i'm goin'
but i can hear the way, yeah
no, i don't know which way i'm goin'
but i can hear the way, yeah yeah
yeah yeah, yeah yeah
you'll be with your kind, yeah yeah
yeah yeah, yeah yeah
you'll be with your kind, yeah yeah
no, i don't know which way i'm goin'
you'll be with your kind, yeah yeah
no, i don't know which way i'm goin'
you'll be with your kind, yeah
just don't, just don't
just don't believe the…
just don't, just don't
just don't believe it
just don't, just don't
just don't believe the…
just don't, just don't
just don't believe it"
Cut My Lip (Brooklyn),Location Sessions,"I'll keep on tryin’, tryin', might as well
If you decide, ⁠—cide all is well
I'll keep on tryin’, tryin', might as well
If you decide, ⁠—cide all is well

Though I am bruised, face of contusions
Know I'll keep movin'
Though I am bruised, face of contusions
Know I'll keep it movin', know I'll keep it movin'

I’ll keep on tryin’, tryin'
Rust around the rim, drink it anyway
Might as well
I cut my lip
If you decide, ⁠—cide
Isn’t what I want, blood is on my tongue
All is well
I cut my lip

I keep on goin' back
Even though it's me I abuse
I keep on goin' back
Even...

I’ll keep on tryin', tryin'
Though I am bruised, face of contusions
Might as well
Know I'll keep movin'
I'll keep on tryin', tryin'
Though I am bruised, face of contusions
All is well
Know I'll keep movin', know I'll keep movin'

I'll keep on tryin', tryin'
Rust around the rim, drink it anyway
Might as well
I cut my lip
If you decide, ⁠—cide
Isn't what I want, blood is on my tongue
All is well
I cut my lip, oh oh
I'll keep on tryin', tryin'
Might as well
If you decide, ⁠—cide all is well

I don't mind at all, lean on my pride
Lean on my pride, I'm a lion
I don't mind at all, lean on my pride
Lean on my pride, I'm a lion
I don't mind at all, lean on my pride
Lean on my pride, I'm a lion
I don't mind at all, lean on my pride
Lean on my pride

I'll keep on tryin', tryin'
I don't mind at all, lean on my pride
Might as well
Lean on my pride, I'm a lion
If you decide, ⁠—cide
I don't mind at all, lean on my pride
All is well
Lean on my pride, I'm a lion
I'll keep on tryin', tryin'
I don't mind at all, lean on my pride
Might as well
Lean on my pride, I'm a lion
If you decide, ⁠—cide
I don't mind at all, lean on my pride
All is well
Lean on my pride, I'm a lion

I'll keep on tryin', tryin', ho-oh
If you decide, ⁠—cide, hoo ooh
Thanks","i'll keep on tryin’, tryin', might as well
if you decide, ⁠—cide all is well
i'll keep on tryin’, tryin', might as well
if you decide, ⁠—cide all is well
though i am bruised, face of contusions
know i'll keep movin'
though i am bruised, face of contusions
know i'll keep it movin', know i'll keep it movin'
i’ll keep on tryin’, tryin'
rust around the rim, drink it anyway
might as well
i cut my lip
if you decide, ⁠—cide
isn’t what i want, blood is on my tongue
all is well
i cut my lip
i keep on goin' back
even though it's me i abuse
i keep on goin' back
even...
i’ll keep on tryin', tryin'
though i am bruised, face of contusions
might as well
know i'll keep movin'
i'll keep on tryin', tryin'
though i am bruised, face of contusions
all is well
know i'll keep movin', know i'll keep movin'
i'll keep on tryin', tryin'
rust around the rim, drink it anyway
might as well
i cut my lip
if you decide, ⁠—cide
isn't what i want, blood is on my tongue
all is well
i cut my lip, oh oh
i'll keep on tryin', tryin'
might as well
if you decide, ⁠—cide all is well
i don't mind at all, lean on my pride
lean on my pride, i'm a lion
i don't mind at all, lean on my pride
lean on my pride, i'm a lion
i don't mind at all, lean on my pride
lean on my pride, i'm a lion
i don't mind at all, lean on my pride
lean on my pride
i'll keep on tryin', tryin'
i don't mind at all, lean on my pride
might as well
lean on my pride, i'm a lion
if you decide, ⁠—cide
i don't mind at all, lean on my pride
all is well
lean on my pride, i'm a lion
i'll keep on tryin', tryin'
i don't mind at all, lean on my pride
might as well
lean on my pride, i'm a lion
if you decide, ⁠—cide
i don't mind at all, lean on my pride
all is well
lean on my pride, i'm a lion
i'll keep on tryin', tryin', ho-oh
if you decide, ⁠—cide, hoo ooh
thanks"
Chlorine (Mexico City),Location Sessions,"Sippin' on straight chlorine
Let the vibe slide over me
This beat is a chemical, beat is a chemical
When I leave, don't save my seat
I'll be back when it's all complete
The moment is medical, moment is medical
Sippin' on straight chlorine

Lovin' what I'm tastin', woo
Venom on my tongue, dependent at times
Poisonous vibrations, woo
Help my body run

I'm runnin' for my life
Runnin' for my life

Sippin' on straight chlorine
Let the vibe slide over me
This beat is a chemical, beat is a chemical
When I leave, don't save my seat
I'll be back when it's all complete
The moment is medical, moment is medical
Sippin' on straight chlorine

Fall out of formation, hoo
I plan my escape from walls they confined
Rebel red carnations, woo
Grows while I decay

I'm runnin' for my life
Runnin' for my life
Yeah, I'm runnin' for my
Runnin' for my
Runnin' for my life

Hide you in my coat pocket, where I kept my rebel red
Felt I was invincible, you wrapped around my head
The different lives I lead, my body lives on lead
The last two lines may read incorrect until said
The lead is terrible in flavor
Now you double as a paper maker
I despise you sometimes, I love to hate the fight
And you in my life is like

Sippin' on straight chlorine
Let the vibe slide over me
This beat is a chemical, beat is a chemical
When I leave, don't save my seat
I'll be back when it's all complete
The moment is medical, moment is medical
Sippin' on straight chlorine

Let the vibe, let the vibe
Let the vibe, let the vibe, oh
Beat is a chemical, yeah
Let the vibe, let the vibe
Let the vibe, let the vibe, oh
Moment is medical, yeah
Sippin' on straight chlorine
Sippin' on straight chlorine
Sippin' on straight chlorine
Ooh","sippin' on straight chlorine
let the vibe slide over me
this beat is a chemical, beat is a chemical
when i leave, don't save my seat
i'll be back when it's all complete
the moment is medical, moment is medical
sippin' on straight chlorine
lovin' what i'm tastin', woo
venom on my tongue, dependent at times
poisonous vibrations, woo
help my body run
i'm runnin' for my life
runnin' for my life
sippin' on straight chlorine
let the vibe slide over me
this beat is a chemical, beat is a chemical
when i leave, don't save my seat
i'll be back when it's all complete
the moment is medical, moment is medical
sippin' on straight chlorine
fall out of formation, hoo
i plan my escape from walls they confined
rebel red carnations, woo
grows while i decay
i'm runnin' for my life
runnin' for my life
yeah, i'm runnin' for my
runnin' for my
runnin' for my life
hide you in my coat pocket, where i kept my rebel red
felt i was invincible, you wrapped around my head
the different lives i lead, my body lives on lead
the last two lines may read incorrect until said
the lead is terrible in flavor
now you double as a paper maker
i despise you sometimes, i love to hate the fight
and you in my life is like
sippin' on straight chlorine
let the vibe slide over me
this beat is a chemical, beat is a chemical
when i leave, don't save my seat
i'll be back when it's all complete
the moment is medical, moment is medical
sippin' on straight chlorine
let the vibe, let the vibe
let the vibe, let the vibe, oh
beat is a chemical, yeah
let the vibe, let the vibe
let the vibe, let the vibe, oh
moment is medical, yeah
sippin' on straight chlorine
sippin' on straight chlorine
sippin' on straight chlorine
ooh"
Level of Concern (live from outside),Location Sessions,"Need you, tell me
Oh, oh
Need you, tell me

Panic on the brain, world has gone insane
Things are starting to get heavy
, mm
I can't help but think I haven't felt this way
Since I asked you to go steady

Wonderin' would you be (
Would you be
)
My little quarantine? (
Quarantine
)
Or is this the way it ends?

'Cause I told you my level of concern
But you walked by like you never heard
You could bring down my level of concern
Just need you to tell me we're alright
Tell me we're okay

Panic on the brain, Michael's gone insane
Julie starts to make me nervous
I don't really care what they would say
I'm asking you to stay
My bunker underneath the surface

Wonderin' would you be (
Would you be?
)
My little quarantine? (
Quarantine
)
Or is this the way it ends?

'Cause I told you my level of concern
But you walked by like you never heard
And you could bring down my 
level of concern
Just need you to 
tell me we're alright
Tell me we're okay
, yeah, yeah

Need you
Tell me we're alright, tell me we're okay
Need you
Tell me we're alright, tell me we're okay
Bring down my level of concern
Need you
Just need you to tell me we're alright
Tell me we're okay, yeah

'Cause I told you my level of concern
But you walked by like you never heard
And you could bring down my level of concern
Just need you to tell me we're alright
Tell me we're okay
[Bridge: Tyler Joseph & 
Paul Meany
]
I need you to tell me we're alright, tell me we're okay
Ooh, you ask me if it's real
Need you to tell me we're alright, tell me we're okay
I see your shifting eyes
I need you to tell me we're alright, tell me we're okay
You're diggin' in your heels
Need you to tell me we're alright, tell me we're okay
I dig my hole to die
Hole to die

'Cause I told you
Level of concern
Just need you to 
tell me we're alright
Tell me we're okay
, yeah yeah (
Need you
)
Level of concern
But you walked by like you never heard
Oh, you could bring down my level of concern
Just need you to tell me we're alright
Tell me we're okay
, yeah yeah

Need you to tell me we're alright, tell me we're okay
In a world that's seen better days
Need you to tell me we're alright, tell me we're okay
With my friends Simon, Paul, Jesse, Josh and Ned
Need you to tell me we're alright, level of concern
Out here making lemonade
Need you to tell me we're alright, tell me we're okay
Via email!
Need you
Need you, tell me
Need you, tell me","need you, tell me
oh, oh
need you, tell me
panic on the brain, world has gone insane
things are starting to get heavy
, mm
i can't help but think i haven't felt this way
since i asked you to go steady
wonderin' would you be (
would you be
)
my little quarantine? (
quarantine
)
or is this the way it ends?
'cause i told you my level of concern
but you walked by like you never heard
you could bring down my level of concern
just need you to tell me we're alright
tell me we're okay
panic on the brain, michael's gone insane
julie starts to make me nervous
i don't really care what they would say
i'm asking you to stay
my bunker underneath the surface
wonderin' would you be (
would you be?
)
my little quarantine? (
quarantine
)
or is this the way it ends?
'cause i told you my level of concern
but you walked by like you never heard
and you could bring down my
level of concern
just need you to
tell me we're alright
tell me we're okay
, yeah, yeah
need you
tell me we're alright, tell me we're okay
need you
tell me we're alright, tell me we're okay
bring down my level of concern
need you
just need you to tell me we're alright
tell me we're okay, yeah
'cause i told you my level of concern
but you walked by like you never heard
and you could bring down my level of concern
just need you to tell me we're alright
tell me we're okay
[bridge: tyler joseph &
paul meany
]
i need you to tell me we're alright, tell me we're okay
ooh, you ask me if it's real
need you to tell me we're alright, tell me we're okay
i see your shifting eyes
i need you to tell me we're alright, tell me we're okay
you're diggin' in your heels
need you to tell me we're alright, tell me we're okay
i dig my hole to die
hole to die
'cause i told you
level of concern
just need you to
tell me we're alright
tell me we're okay
, yeah yeah (
need you
)
level of concern
but you walked by like you never heard
oh, you could bring down my level of concern
just need you to tell me we're alright
tell me we're okay
, yeah yeah
need you to tell me we're alright, tell me we're okay
in a world that's seen better days
need you to tell me we're alright, tell me we're okay
with my friends simon, paul, jesse, josh and ned
need you to tell me we're alright, level of concern
out here making lemonade
need you to tell me we're alright, tell me we're okay
via email!
need you
need you, tell me
need you, tell me"
Jumpsuit,Trench,"Cover me, oh!

I can't believe how much I hate
Pressures of a new place roll my way
Jumpsuit, jumpsuit, cover me
Jumpsuit, jumpsuit, cover me
I crumble underneath the weight
Pressures of a new place roll my way
Jumpsuit, jumpsuit, cover me
Jumpsuit, jumpsuit, cover me

Spirits in my room, friend or foe?
Felt it in my youth, feel it when I'm old
Jumpsuit, jumpsuit, cover me
Dusting off my jumpsuit (Cover me)

I can't believe how much I hate (Cover me, oh)
Pressures of a new place roll my way (Cover me, oh)
Jumpsuit, jumpsuit, cover me (Cover me, oh)
Jumpsuit, jumpsuit, cover me (Cover me, oh)

I'll be right there
But you'll have to grab my throat and lift me in the air
If you need anyone
I'll stop my plans (I'll stop my plans)
But you'll have to tie me down and then break both my hands
If you need anyone
I'll be right there (I'll be right there)
But you'll have to grab my throat and lift me in the air
(If you need anyone)
If you need anyone (If you need anyone)
If you need anyone (If you need anyone)
If you need anyone

I can't believe how much I hate
Pressures of a new place roll my way
Jumpsuit, jumpsuit, cover me
Oh, jumpsuit, jumpsuit, cover me, oh!

Jumpsuit, jumpsuit, cover me!
Jumpsuit, jumpsuit, cover me!","cover me, oh!
i can't believe how much i hate
pressures of a new place roll my way
jumpsuit, jumpsuit, cover me
jumpsuit, jumpsuit, cover me
i crumble underneath the weight
pressures of a new place roll my way
jumpsuit, jumpsuit, cover me
jumpsuit, jumpsuit, cover me
spirits in my room, friend or foe?
felt it in my youth, feel it when i'm old
jumpsuit, jumpsuit, cover me
dusting off my jumpsuit
i can't believe how much i hate
pressures of a new place roll my way
jumpsuit, jumpsuit, cover me
jumpsuit, jumpsuit, cover me
i'll be right there
but you'll have to grab my throat and lift me in the air
if you need anyone
i'll stop my plans
but you'll have to tie me down and then break both my hands
if you need anyone
i'll be right there
but you'll have to grab my throat and lift me in the air
if you need anyone
if you need anyone
if you need anyone
i can't believe how much i hate
pressures of a new place roll my way
jumpsuit, jumpsuit, cover me
oh, jumpsuit, jumpsuit, cover me, oh!
jumpsuit, jumpsuit, cover me!
jumpsuit, jumpsuit, cover me!"
Levitate,Trench,"Oh, I know how to levitate up off my feet
And ever since the seventh grade I learned to fire-breathe
And though I feed on things that fell
You can learn to levitate with just a little help
Learn to levitate with just a little help

Come down, come down
Cowards only come through when the hour's late
And everyone's asleep, mind you
Now show up, show up
I know I shouldn't say this
But a curse from you is all that I would need right now, man
Come down, come down
Cowards only come through when the hour's late
And everyone's asleep, mind you
Now show up, show up
I know I shouldn't say this
But a curse from you is all that I would need right now, man

Danger in the fabric of this thing I made
I probably shouldn't show you, but it's way too late
My heart is with you hiding, but my mind's not made
Now they know it like we both knew for some time I'd say
They're smirking at first blood, they're circling above
But this is not enough, yeah, this is not what you thought
No, no, we are not just graffiti on a passing train
I got back what I once bought back
In that slot, I won't need to replace
This culture is a poacher of overexposure, not today
Don't feed me to the vultures, I am a vulture who feeds on pain
Sleep in a well-lit room, don't let the shadow through
And sever all I knew, yeah, sever all
I thought I could depend on my weekends
On the freezing ground that I'm sleeping on
Please, keep me from, please keep me down from the ledges
Better test it, wooden wedges under doorways
Keep your wooden wedges under doors
Chorus, verse, chorus, verse, now here comes the eight
Wait, habits here too, you're the worst, your structure compensates
But compensation feels a lot like rising up to dominate by track two
At least they all know all they hear comes from a place

Oh, I know how to levitate up off my feet
And ever since the seventh grade I learned to fire-breathe
And though I feed on things that fell
You can learn to levitate with just a little help
You can levitate with just a little help

Welcome to Trench","oh, i know how to levitate up off my feet
and ever since the seventh grade i learned to fire-breathe
and though i feed on things that fell
you can learn to levitate with just a little help
learn to levitate with just a little help
come down, come down
cowards only come through when the hour's late
and everyone's asleep, mind you
now show up, show up
i know i shouldn't say this
but a curse from you is all that i would need right now, man
come down, come down
cowards only come through when the hour's late
and everyone's asleep, mind you
now show up, show up
i know i shouldn't say this
but a curse from you is all that i would need right now, man
danger in the fabric of this thing i made
i probably shouldn't show you, but it's way too late
my heart is with you hiding, but my mind's not made
now they know it like we both knew for some time i'd say
they're smirking at first blood, they're circling above
but this is not enough, yeah, this is not what you thought
no, no, we are not just graffiti on a passing train
i got back what i once bought back
in that slot, i won't need to replace
this culture is a poacher of overexposure, not today
don't feed me to the vultures, i am a vulture who feeds on pain
sleep in a well-lit room, don't let the shadow through
and sever all i knew, yeah, sever all
i thought i could depend on my weekends
on the freezing ground that i'm sleeping on
please, keep me from, please keep me down from the ledges
better test it, wooden wedges under doorways
keep your wooden wedges under doors
chorus, verse, chorus, verse, now here comes the eight
wait, habits here too, you're the worst, your structure compensates
but compensation feels a lot like rising up to dominate by track two
at least they all know all they hear comes from a place
oh, i know how to levitate up off my feet
and ever since the seventh grade i learned to fire-breathe
and though i feed on things that fell
you can learn to levitate with just a little help
you can levitate with just a little help
welcome to trench"
Morph,Trench,"Can't stop thinking about if and when I die
For now, I see that ""if"" and ""when"" are truly different cries
For ""if"" is purely panic and ""when"" is solemn sorrow
And one invades today while the other spies tomorrow
We're surrounded and we're hounded
There's no above or under or around it
For ""above"" is blind belief and ""under"" is sword to sleeve
And ""around"" is scientific miracle, let's pick ""above"" and see
For if and when we go above, the question still remains
Are we still in love and is it possible we feel the same?
And that's when goin' under starts to take my wonder
But until that time, I'll try to sing this

If I keep moving, they won't know
I'll morph to someone else
What they throw at me's too slow
I'll morph to someone else, I'm just a ghost
I'll morph to someone else
A defense mechanism mode

He'll always try to stop me, that Nicolas Bourbaki
He's got no friends close but those who know him most know
He goes by Nico, he told me I'm a copy
When I'd hear him mock me, that's almost stopped me
Well, we're surrounded and we're hounded
There's no above or a secret door
What are we here for
If not to run straight through all our tormentors?
But until that time, I'll try to sing this

If I keep moving, they won't know
I'll morph to someone else
What they throw at me's too slow
I'll morph to someone else, I'm just a ghost
I'll morph to someone else
A defense mechanism mode
I'll morph to someone else

Lights, they blink to me, transmitting things to me
Ones and zeroes, ergo this symphony
Anybody listening? Ones and zeroes
Count to infinity, ones and zeroes
I'm surrounded and I'm hounded
There's no above, or under, or around it
For ""above"" is blind belief and ""under"" is sword to sleeve
And ""around"" is scientific miracle, let's pick ""above"" and see
For if and when we go above, the question still remains
Are we still in love and is it possible we feel the same?
And that's when goin' under starts to take my wonder
But until that time
I'll morph to someone else, I'm just a ghost

If I keep moving, they won't know
I'll morph to someone else
What they throw at me's too slow
I'll morph to someone else, I'm just a ghost
I'll morph to someone else
A defense mechanism mode
If I keep moving, they won't know
I'll morph to someone else
A defense mechanism mode
I'll morph to someone else

Not done, not done
Not done, Josh Dun
I'll morph to someone else","can't stop thinking about if and when i die
for now, i see that ""if"" and ""when"" are truly different cries
for ""if"" is purely panic and ""when"" is solemn sorrow
and one invades today while the other spies tomorrow
we're surrounded and we're hounded
there's no above or under or around it
for ""above"" is blind belief and ""under"" is sword to sleeve
and ""around"" is scientific miracle, let's pick ""above"" and see
for if and when we go above, the question still remains
are we still in love and is it possible we feel the same?
and that's when goin' under starts to take my wonder
but until that time, i'll try to sing this
if i keep moving, they won't know
i'll morph to someone else
what they throw at me's too slow
i'll morph to someone else, i'm just a ghost
i'll morph to someone else
a defense mechanism mode
he'll always try to stop me, that nicolas bourbaki
he's got no friends close but those who know him most know
he goes by nico, he told me i'm a copy
when i'd hear him mock me, that's almost stopped me
well, we're surrounded and we're hounded
there's no above or a secret door
what are we here for
if not to run straight through all our tormentors?
but until that time, i'll try to sing this
if i keep moving, they won't know
i'll morph to someone else
what they throw at me's too slow
i'll morph to someone else, i'm just a ghost
i'll morph to someone else
a defense mechanism mode
i'll morph to someone else
lights, they blink to me, transmitting things to me
ones and zeroes, ergo this symphony
anybody listening? ones and zeroes
count to infinity, ones and zeroes
i'm surrounded and i'm hounded
there's no above, or under, or around it
for ""above"" is blind belief and ""under"" is sword to sleeve
and ""around"" is scientific miracle, let's pick ""above"" and see
for if and when we go above, the question still remains
are we still in love and is it possible we feel the same?
and that's when goin' under starts to take my wonder
but until that time
i'll morph to someone else, i'm just a ghost
if i keep moving, they won't know
i'll morph to someone else
what they throw at me's too slow
i'll morph to someone else, i'm just a ghost
i'll morph to someone else
a defense mechanism mode
if i keep moving, they won't know
i'll morph to someone else
a defense mechanism mode
i'll morph to someone else
not done, not done
not done, josh dun
i'll morph to someone else"
My Blood,Trench,"When everyone you thought you knew
Deserts your fight, I'll go with you
You're facin' down a dark hall
I'll grab my light

And go with you, I'll go with you
I'll go with you, I'll go with you
I'll go with you, I'll go with you
I'll go with you, I'll go with you

Surrounded and up against a wall
I'll shred 'em all and go with you
When choices end, you must defend
I'll grab my bat

And go with you, I'll go with you
I'll go with you, I'll go with you, yeah

Stay with me, no, you don't need to run
Stay with me, my blood, you don't need to run
Stay with me, no, you don't need to run
Stay with me, my blood, you don't need to run

If there comes a day
People posted up at the end of your driveway
They're callin' for your head and they're callin' for your name
I'll bomb down on 'em, I'm comin' through
Did they know I was grown with you?
If they're here to smoke, know I'll go with you
Just keep it outside, keep it outside, yeah

Stay with me, no, you don't need to run
Stay with me, my blood, you don't need to run
Stay with me, no, you don't need to run
Stay with me, my blood, you don't need to run
(Ooh-ooh, ooh-ooh)
You don't need to run
(Ooh-ooh, ooh-ooh)
You don't need to run
(Ooh-ooh, ooh-ooh)
You don't need to run
(Ooh-ooh, ooh-ooh)
You don't need to run

If you find yourself in a lion's den
I'll jump right in and pull my pin

And go with you, I'll go with you
I'll go with you, I'll go with you
(You don't need to run)
I'll go with you, I'll go with you
(You don't need to run)
I'll go with you
My blood, I'll go with you, yeah

Stay with me, no, you don't need to run
Stay with me, my blood, you don't need to run
Stay with me, no, you don't need to run
Stay with me, my blood, you don't need to run
(Ooh-ooh, ooh-ooh)
You don't need to run
(Ooh-ooh, ooh-ooh)
You don't need to run
(Ooh-ooh, ooh-ooh)
You don't need to run
(Ooh-ooh, ooh-ooh)
You don't need to run
Stay with me, no, you don't need to run
Stay with me, my blood","when everyone you thought you knew
deserts your fight, i'll go with you
you're facin' down a dark hall
i'll grab my light
and go with you, i'll go with you
i'll go with you, i'll go with you
i'll go with you, i'll go with you
i'll go with you, i'll go with you
surrounded and up against a wall
i'll shred 'em all and go with you
when choices end, you must defend
i'll grab my bat
and go with you, i'll go with you
i'll go with you, i'll go with you, yeah
stay with me, no, you don't need to run
stay with me, my blood, you don't need to run
stay with me, no, you don't need to run
stay with me, my blood, you don't need to run
if there comes a day
people posted up at the end of your driveway
they're callin' for your head and they're callin' for your name
i'll bomb down on 'em, i'm comin' through
did they know i was grown with you?
if they're here to smoke, know i'll go with you
just keep it outside, keep it outside, yeah
stay with me, no, you don't need to run
stay with me, my blood, you don't need to run
stay with me, no, you don't need to run
stay with me, my blood, you don't need to run
you don't need to run
you don't need to run
you don't need to run
you don't need to run
if you find yourself in a lion's den
i'll jump right in and pull my pin
and go with you, i'll go with you
i'll go with you, i'll go with you
i'll go with you, i'll go with you
i'll go with you
my blood, i'll go with you, yeah
stay with me, no, you don't need to run
stay with me, my blood, you don't need to run
stay with me, no, you don't need to run
stay with me, my blood, you don't need to run
you don't need to run
you don't need to run
you don't need to run
you don't need to run
stay with me, no, you don't need to run
stay with me, my blood"
Chlorine,Trench,"So where are ya?
It's been a little while

Sippin' on straight chlorine
Let the vibe slide over me
This beat is a chemical, beat is a chemical
When I leave, don't save my seat
I'll be back when it's all complete
The moment is medical, moment is medical
Sippin' on straight chlorine

Lovin' what I'm tastin', woah
Venom on my tongue, dependent at times
Poisonous vibrations, woah
Help my body run

I'm runnin' for my life
Runnin' for my life

Sippin' on straight chlorine
Let the vibe slide over me
This beat is a chemical, beat is a chemical
When I leave, don't save my seat
I'll be back when it's all complete
The moment is medical, moment is medical
Sippin' on straight chlorine

Fall out of formation, woah
I plan my escape from walls they confined
Rebel red carnation, woa-a-oh
Grows while I decay

I'm runnin' for my life
Runnin' for my life
Yeah, I'm runnin' for my life
Runnin' for my life

Hide you in my coat pocket, where I kept my rebel red
I felt I was invincible, you wrapped around my head
Now different lives I lead, my body lives on lead
The last two lines may read incorrect until said
The lead is terrible in flavor
But now you double as a paper maker
I despise you sometimes, I love to hate the fight
And you in my life is like

Sippin' on straight chlorine
Let the vibe slide over me
This beat is a chemical, beat is a chemical
When I leave, don't save my seat
I'll be back when it's all complete
The moment is medical, moment is medical
Sippin' on straight chlorine

Let the vibe, let the vibe
Let the vibe, let the vibe
Beat is a chemical, yeah
Let the vibe, let the vibe
Let the vibe, let the vibe
Moment is medical, yeah
Sippin' on straight chlorine
Let the vibe, let the vibe
Let the vibe, let the vibe
Beat is a chemical, yeah
Let the vibe, let the vibe
Let the vibe, let the vibe
Moment is medical, yeah

I'm so sorry I forgot you
Let me catch you up to speed
I've been tested like the ends of
A weathered flag that's by the sea
Can you build my house with pieces?
I'm just a chemical
Can you build my house with pieces?
I'm just a chemical
Can you build my house with pieces?
I'm just a chemical
Can you build my house with pieces?
I'm just a chemical","so where are ya?
it's been a little while
sippin' on straight chlorine
let the vibe slide over me
this beat is a chemical, beat is a chemical
when i leave, don't save my seat
i'll be back when it's all complete
the moment is medical, moment is medical
sippin' on straight chlorine
lovin' what i'm tastin', woah
venom on my tongue, dependent at times
poisonous vibrations, woah
help my body run
i'm runnin' for my life
runnin' for my life
sippin' on straight chlorine
let the vibe slide over me
this beat is a chemical, beat is a chemical
when i leave, don't save my seat
i'll be back when it's all complete
the moment is medical, moment is medical
sippin' on straight chlorine
fall out of formation, woah
i plan my escape from walls they confined
rebel red carnation, woa-a-oh
grows while i decay
i'm runnin' for my life
runnin' for my life
yeah, i'm runnin' for my life
runnin' for my life
hide you in my coat pocket, where i kept my rebel red
i felt i was invincible, you wrapped around my head
now different lives i lead, my body lives on lead
the last two lines may read incorrect until said
the lead is terrible in flavor
but now you double as a paper maker
i despise you sometimes, i love to hate the fight
and you in my life is like
sippin' on straight chlorine
let the vibe slide over me
this beat is a chemical, beat is a chemical
when i leave, don't save my seat
i'll be back when it's all complete
the moment is medical, moment is medical
sippin' on straight chlorine
let the vibe, let the vibe
let the vibe, let the vibe
beat is a chemical, yeah
let the vibe, let the vibe
let the vibe, let the vibe
moment is medical, yeah
sippin' on straight chlorine
let the vibe, let the vibe
let the vibe, let the vibe
beat is a chemical, yeah
let the vibe, let the vibe
let the vibe, let the vibe
moment is medical, yeah
i'm so sorry i forgot you
let me catch you up to speed
i've been tested like the ends of
a weathered flag that's by the sea
can you build my house with pieces?
i'm just a chemical
can you build my house with pieces?
i'm just a chemical
can you build my house with pieces?
i'm just a chemical
can you build my house with pieces?
i'm just a chemical"
Smithereens,Trench,"You know
I've always been collected, calm and chill
And you know
I never look for conflict for the thrill
But if I’m feeling
Someone stepping towards you, can't describe
Just what I'm feeling

For you, I’d go
Step to a dude much bigger than me
For you, I know
I would get messed up, weigh 153
For you
I would get beat to smithereens

You know
I'll be in the corner taking notes
And you know
I got your six while you're working votes
But if I'm feeling
Someone stepping towards you, can't describe
Just what I'm feeling

For you, I'd go
Step to a dude much bigger than me
For you, I know
I would get messed up, weigh 153
For you
I would get beat to smithereens

(Fight fight fight fight fight)
(I would get beat to)
You know I had to do one
You know I had to do one
You know I had to do one on the record (For you)
You know I had to do one on the record for her like this
You know I had to do one on the record for her like this
You know I had to do one on the record for her like this
You know I had to do one on the record for her

If I'm feeling
Someone stepping towards you, can’t describe
Just what I’m feeling

For you, I'd go
Write a slick song just to show you the world
For you, I know
They think it’s messed up to sell out for your girl
For you, I'd go
Step to a dude much bigger than me
For you, I know
I would get messed up, weigh 153
For you
I would get beat to smithereens","you know
i've always been collected, calm and chill
and you know
i never look for conflict for the thrill
but if i’m feeling
someone stepping towards you, can't describe
just what i'm feeling
for you, i’d go
step to a dude much bigger than me
for you, i know
i would get messed up, weigh 153
for you
i would get beat to smithereens
you know
i'll be in the corner taking notes
and you know
i got your six while you're working votes
but if i'm feeling
someone stepping towards you, can't describe
just what i'm feeling
for you, i'd go
step to a dude much bigger than me
for you, i know
i would get messed up, weigh 153
for you
i would get beat to smithereens
you know i had to do one
you know i had to do one
you know i had to do one on the record
you know i had to do one on the record for her like this
you know i had to do one on the record for her like this
you know i had to do one on the record for her like this
you know i had to do one on the record for her
if i'm feeling
someone stepping towards you, can’t describe
just what i’m feeling
for you, i'd go
write a slick song just to show you the world
for you, i know
they think it’s messed up to sell out for your girl
for you, i'd go
step to a dude much bigger than me
for you, i know
i would get messed up, weigh 153
for you
i would get beat to smithereens"
Neon Gravestones,Trench,"Call (Call)
Call (Call)
Call (Call)

What's my problem?
Well, I want you to follow me down to the bottom
Underneath the insane asylum
Keep your wits about you while you got 'em
'Cause your wits are first to go while you're problem-solvin'
And my problem?
We glorify those even more when they...
My opinion, our culture can treat a loss like it's a win
And right before we turn on them
We give 'em the highest of praise
And hang their banner from the ceiling
Communicating, further engraving
An earlier grave is an optional way, no

Neon gravestones try to call (Neon gravestones try to call)
Neon gravestones try to call for my bones (Neon gravestones try to call)
Call (For my bones)
Call, call, call (Call, call, call)
Call (Call)
Call (Call)

What's my problem?
Don't get it twisted
It's with the people we praise who may have assisted
I could use the streams and extra conversations
I could give up, and boost up my reputation
I could go out with a bang
They would know my name
They would host and post a celebration
My opinion will not be lenient
My opinion, it's real convenient
Our words are loud, but now I'm talkin' action
We don't get enough love? Well, they get a fraction
They say, ""How could he go if he's got everything?”
I'll mourn for a kid, but won't cry for a king

Neon gravestones try to call (Neon gravestones try to call)
Neon gravestones try to call for my bones (Neon gravestones try to call)
Call (For my bones)
Call, call, call

Promise me this (Call, call)
If I lose to myself
You won't mourn a day
And you'll move on to someone else
Promise me this
If I lose to myself
You won't mourn a day
And you'll move on to someone else
(Ooh-ooh, call, ooh-ooh, call)

Neon gravestones try to call
(Neon gravestones try to call)
Neon gravestones try to call for my bones
(Neon gravestones try to call)
Neon gravestones try to call
(Neon gravestones try to call)
Neon gravestones try to call for my bones
(Neon gravestones try to call for my bones)

'Cause they won't get 'em
No, they won't get 'em
They won't get 'em
But they won't get 'em

Don't get me wrong, the rise in awareness
Is beating a stigma that no longer scares us
But for sake of discussion, in spirit of fairness
Could we give this some room for a new point of view?
And could it be true that some could be tempted
To use this mistake as a form of aggression?
A form of succession? A form of a weapon?
Thinking ""I'll teach them,"" well, I'm refusing the lesson
It won't resonate in our minds
I'm not disrespecting what was left behind
Just pleading that it does not get glorified
Maybe we swap out what it is that we hold so high
Find your grandparents or someone of age
Pay some respects for the path that they paved
To life, they were dedicated
Now, that should be celebrated","call
call
call
what's my problem?
well, i want you to follow me down to the bottom
underneath the insane asylum
keep your wits about you while you got 'em
'cause your wits are first to go while you're problem-solvin'
and my problem?
we glorify those even more when they...
my opinion, our culture can treat a loss like it's a win
and right before we turn on them
we give 'em the highest of praise
and hang their banner from the ceiling
communicating, further engraving
an earlier grave is an optional way, no
neon gravestones try to call
neon gravestones try to call for my bones
call
call, call, call
call
call
what's my problem?
don't get it twisted
it's with the people we praise who may have assisted
i could use the streams and extra conversations
i could give up, and boost up my reputation
i could go out with a bang
they would know my name
they would host and post a celebration
my opinion will not be lenient
my opinion, it's real convenient
our words are loud, but now i'm talkin' action
we don't get enough love? well, they get a fraction
they say, ""how could he go if he's got everything?”
i'll mourn for a kid, but won't cry for a king
neon gravestones try to call
neon gravestones try to call for my bones
call
call, call, call
promise me this
if i lose to myself
you won't mourn a day
and you'll move on to someone else
promise me this
if i lose to myself
you won't mourn a day
and you'll move on to someone else
neon gravestones try to call
neon gravestones try to call for my bones
neon gravestones try to call
neon gravestones try to call for my bones
'cause they won't get 'em
no, they won't get 'em
they won't get 'em
but they won't get 'em
don't get me wrong, the rise in awareness
is beating a stigma that no longer scares us
but for sake of discussion, in spirit of fairness
could we give this some room for a new point of view?
and could it be true that some could be tempted
to use this mistake as a form of aggression?
a form of succession? a form of a weapon?
thinking ""i'll teach them,"" well, i'm refusing the lesson
it won't resonate in our minds
i'm not disrespecting what was left behind
just pleading that it does not get glorified
maybe we swap out what it is that we hold so high
find your grandparents or someone of age
pay some respects for the path that they paved
to life, they were dedicated
now, that should be celebrated"
The Hype,Trench,"Sometimes I feel cold, even paralyzed
My interior world needs to sanitize
I've got to step through or I’ll dissipate
I'll record my step through for my basement tapes

Nice to know my kind will be on my side
I don't believe the hype
And you know you’re a terrible sight
But you'll be just fine
Just don't believe the hype

Yeah, they might be talking behind your head
Your exterior world can step off instead
It might take some friends and a warmer shirt
But you don't get thick skin without getting burnt

Nice to know my kind will be on my side
I don't believe the hype
And you know you're a terrible sight
But you'll be just fine
Just don't believe the hype
(Take me with you)

(We’re gonna rely pretty heavily
On technology
And energy
To cover up the fact that we’re only two people
But I think we can do it)
No, I don't know which way I’m going
But I can hear my way around
No, I don't know which way I'm going
But I can hear my way around
No, I don't know which way I’m going
But I can hear my way around
No, I don't know which way I'm going
But I can hear my way around
But I can hear my way around

Nice to know my kind will be on my side
I don't believe the hype
And you know you're a terrible sight
But you'll be just fine
Just don't believe the hype
(Don't believe the hype)
Nice to know my kind will be on my side
I don't believe the hype
And you know you're a terrible sight
But you'll be just fine
Just don't believe the hype
Nice to know my kind will be on my side
I don't believe the hype
And you know you're a terrible sight
But you'll be just fine
Just don't believe the hype","sometimes i feel cold, even paralyzed
my interior world needs to sanitize
i've got to step through or i’ll dissipate
i'll record my step through for my basement tapes
nice to know my kind will be on my side
i don't believe the hype
and you know you’re a terrible sight
but you'll be just fine
just don't believe the hype
yeah, they might be talking behind your head
your exterior world can step off instead
it might take some friends and a warmer shirt
but you don't get thick skin without getting burnt
nice to know my kind will be on my side
i don't believe the hype
and you know you're a terrible sight
but you'll be just fine
just don't believe the hype
(we’re gonna rely pretty heavily
on technology
and energy
to cover up the fact that we’re only two people
but i think we can do it)
no, i don't know which way i’m going
but i can hear my way around
no, i don't know which way i'm going
but i can hear my way around
no, i don't know which way i’m going
but i can hear my way around
no, i don't know which way i'm going
but i can hear my way around
but i can hear my way around
nice to know my kind will be on my side
i don't believe the hype
and you know you're a terrible sight
but you'll be just fine
just don't believe the hype
nice to know my kind will be on my side
i don't believe the hype
and you know you're a terrible sight
but you'll be just fine
just don't believe the hype
nice to know my kind will be on my side
i don't believe the hype
and you know you're a terrible sight
but you'll be just fine
just don't believe the hype"
Nico And The Niners,Trench,"Msilaiv ecnuoned ew
Tsae eurt daeh dna amed evael lliw uoy
Sotidnab era ew

East is up, I'm fearless when I hear this on the low
East is up, I'm careless when I wear my rebel clothes
East is up, when Bishops come together they will know that
Dema don't control us, Dema don't control
East is up

They want to make you forget
They want to make you forget
Save your razorblades now, not yet
Save your razorblades now, not yet

I'm heavy, my jumpsuit is unsteady
I'm lighter when I'm lower, I'm higher when I'm heavy, oh
I'm so high, my Jumpsuit takes me so high
I'm flying from a fire, from Nico and the Niners, oh
East is up, I'm fearless when I hear this on the low
East is up, I'm careless when I wear my rebel clothes
East is up, when Bishops come together they will know that
Dema don't control us, Dema don't control
I'm heavy, my jumpsuit is unsteady
I'm lighter when I'm lower, I'm higher when I'm heavy, oh
I'm so high, my Jumpsuit takes me so high
I'm flying from a fire, from Nico and the Niners, oh

I'm heavy, jumpsuit is unsteady
Lighter when I'm lower, higher when I'm heavy, oh
I'm so high, I'm so high
So high, I'm so high
Fire, Nico and the Niners

What I say when I want to be enough
What a beautiful day for making a break for it
We'll find a way to pay for it
Maybe from all the money we made razorblade stores
Rent a racehorse and force a sponsor
And start a concert, a complete diversion
Start a mob and you can be quite certain
We'll win but not everyone will get out
No, no
We'll win but not everyone will get out
No, no
We'll win but not everyone will get out

East is up, I'm fearless when I hear this on the low
East is up, I'm careless when I wear my rebel clothes
East is up, when Bishops come together they will know that
Dema don't control us, Dema don't control
East is up

I'm so high, so high
Fire, Nico and the Niners
I'm so high, so high
Sotidnab era ew
Fire, Nico and the Niners","msilaiv ecnuoned ew
tsae eurt daeh dna amed evael lliw uoy
sotidnab era ew
east is up, i'm fearless when i hear this on the low
east is up, i'm careless when i wear my rebel clothes
east is up, when bishops come together they will know that
dema don't control us, dema don't control
east is up
they want to make you forget
they want to make you forget
save your razorblades now, not yet
save your razorblades now, not yet
i'm heavy, my jumpsuit is unsteady
i'm lighter when i'm lower, i'm higher when i'm heavy, oh
i'm so high, my jumpsuit takes me so high
i'm flying from a fire, from nico and the niners, oh
east is up, i'm fearless when i hear this on the low
east is up, i'm careless when i wear my rebel clothes
east is up, when bishops come together they will know that
dema don't control us, dema don't control
i'm heavy, my jumpsuit is unsteady
i'm lighter when i'm lower, i'm higher when i'm heavy, oh
i'm so high, my jumpsuit takes me so high
i'm flying from a fire, from nico and the niners, oh
i'm heavy, jumpsuit is unsteady
lighter when i'm lower, higher when i'm heavy, oh
i'm so high, i'm so high
so high, i'm so high
fire, nico and the niners
what i say when i want to be enough
what a beautiful day for making a break for it
we'll find a way to pay for it
maybe from all the money we made razorblade stores
rent a racehorse and force a sponsor
and start a concert, a complete diversion
start a mob and you can be quite certain
we'll win but not everyone will get out
no, no
we'll win but not everyone will get out
no, no
we'll win but not everyone will get out
east is up, i'm fearless when i hear this on the low
east is up, i'm careless when i wear my rebel clothes
east is up, when bishops come together they will know that
dema don't control us, dema don't control
east is up
i'm so high, so high
fire, nico and the niners
i'm so high, so high
sotidnab era ew
fire, nico and the niners"
Cut My Lip,Trench,"I'll keep on tryin’, might as well
If you decide all is well
I'll keep on tryin', might as well (Might as well)
If you decide all is well (All is well)

Though I am bruised, face of contusions
Know I’ll keep movin'
Though I am bruised, face of contusions
Know I'll keep movin', know I'll keep movin'

Rust around the rim, drink it anyway
I cut my lip
Isn't what I want, blood is on my tongue
I cut my lip

I keep on goin' back
Even though it’s me I abuse
I’ll keep on goin' back
Even...

Though I am bruised, face of contusions
Know I’ll keep movin'
Though I am bruised, face of contusions
Know I'll keep movin', know I’ll keep movin'

Rust around the rim, drink it anyway
I cut my lip
Isn't what I want, blood is on my tongue
I cut my lip, oh oh, yeah
I cut my lip, oh oh, yeah

I don't mind at all, lean on my pride
Lean on my pride, I'm a lion
I don't mind at all, lean on my pride
Lean on my pride, I'm a lion
I don't mind at all, lean on my pride
Lean on my pride, I'm a lion
I don't mind at all, lean on my pride
Lean on my pride, I'm a lion

Though I am bruised, face of contusions
Know I'll keep movin', know I'll keep movin'

Rust around the rim, drink it anyway
I cut my lip
Isn't what I want, blood is on my tongue
I cut my lip
I cut my lip

I don't mind at all, lean on my pride
Lean on my pride, I'm a lion
I don't mind at all, lean on my pride
Lean on my pride, I'm a lion","i'll keep on tryin’, might as well
if you decide all is well
i'll keep on tryin', might as well
if you decide all is well
though i am bruised, face of contusions
know i’ll keep movin'
though i am bruised, face of contusions
know i'll keep movin', know i'll keep movin'
rust around the rim, drink it anyway
i cut my lip
isn't what i want, blood is on my tongue
i cut my lip
i keep on goin' back
even though it’s me i abuse
i’ll keep on goin' back
even...
though i am bruised, face of contusions
know i’ll keep movin'
though i am bruised, face of contusions
know i'll keep movin', know i’ll keep movin'
rust around the rim, drink it anyway
i cut my lip
isn't what i want, blood is on my tongue
i cut my lip, oh oh, yeah
i cut my lip, oh oh, yeah
i don't mind at all, lean on my pride
lean on my pride, i'm a lion
i don't mind at all, lean on my pride
lean on my pride, i'm a lion
i don't mind at all, lean on my pride
lean on my pride, i'm a lion
i don't mind at all, lean on my pride
lean on my pride, i'm a lion
though i am bruised, face of contusions
know i'll keep movin', know i'll keep movin'
rust around the rim, drink it anyway
i cut my lip
isn't what i want, blood is on my tongue
i cut my lip
i cut my lip
i don't mind at all, lean on my pride
lean on my pride, i'm a lion
i don't mind at all, lean on my pride
lean on my pride, i'm a lion"
Bandito,Trench,"I could take the high road
But I know that I'm goin' low
I'm a ban—I'm a bandito
I could take the high road
But I know that I'm goin' low
I'm a ban—I'm a bandito
I could take the high road
But I know that I'm goin' low
I'm a ban—I'm a bandito

This is the sound we make
When in between two places
Where we used to bleed
And where our blood needs to be

I could take the high road
But I know that I'm goin' low
I'm a ban—I'm a bandito
I could take the high road
But I know that I'm goin' low
I'm a ban—I'm a bandito

In City, I feel my spirit is contained
Like neon inside the glass, they form my brain
But I recently discovered it's a heatless fire
Like nicknames they give themselves to uninspire
Begin with bullet, now add fire to the proof
But I'm still not sure if fear's a rival or close relative to truth
Either way it helps to hear these words bounce off of you
The softest echo could be enough for me to make it through

Folina, Sahlo Folina
Sahlo Folina, Sahlo Folina
I created this world to feel some control
Destroy it if I want
So I sing Sahlo Folina, Sahlo Folina, Sahlo

I could take the high road
But I know that I'm goin' low (Sahlo)
I'm a ban—I'm a bandito
I could take the high road
But I know that I'm goin' low
I'm a ban—I'm a bandito (Sahlo)
I could take the high road
But I know that I'm goin' low (Sahlo)
I'm a ban—I'm a bandito

I created this world to feel some control
Destroy it if I want
So I sing Sahlo Folina, Sahlo Folina","i could take the high road
but i know that i'm goin' low
i'm a ban—i'm a bandito
i could take the high road
but i know that i'm goin' low
i'm a ban—i'm a bandito
i could take the high road
but i know that i'm goin' low
i'm a ban—i'm a bandito
this is the sound we make
when in between two places
where we used to bleed
and where our blood needs to be
i could take the high road
but i know that i'm goin' low
i'm a ban—i'm a bandito
i could take the high road
but i know that i'm goin' low
i'm a ban—i'm a bandito
in city, i feel my spirit is contained
like neon inside the glass, they form my brain
but i recently discovered it's a heatless fire
like nicknames they give themselves to uninspire
begin with bullet, now add fire to the proof
but i'm still not sure if fear's a rival or close relative to truth
either way it helps to hear these words bounce off of you
the softest echo could be enough for me to make it through
folina, sahlo folina
sahlo folina, sahlo folina
i created this world to feel some control
destroy it if i want
so i sing sahlo folina, sahlo folina, sahlo
i could take the high road
but i know that i'm goin' low
i'm a ban—i'm a bandito
i could take the high road
but i know that i'm goin' low
i'm a ban—i'm a bandito
i could take the high road
but i know that i'm goin' low
i'm a ban—i'm a bandito
i created this world to feel some control
destroy it if i want
so i sing sahlo folina, sahlo folina"
Pet Cheetah,Trench,"I am on an island, no one to confide
Eight days straight, eight hours each and not one line
I can feel pressure start to possess my mind
So, I'll take this beat I should delete to exercise

No, I move slow
I want to stop time
I'll sit here 'til I find the problem
No, I move slow
I want to stop time
I'll sit here 'til I find the problem

I've got a pet cheetah down in my basement
I've raised him, and bathed him, and named him Jason
Statham, I've trained him to make me these beats
Now my pet cheetah's quicker in the studio than on his feet
I'ma get mine and get going
I'm showing my faces in just enough places
I'm done with tip-toeing, I'll stay in my room
My house is the one where the vultures are perched on the roof
Get behind me, I bet this nepotistic mindset
Will help us get ours as we're growing
This clique means so much to this dude
It could make him afraid of his music
And be scared to death he could lose it

No, I move slow
I want to stop time
I'll sit here 'til I find the problem
No, I move slow
I want to stop time
I'll sit here 'til I find the problem

I'll sit here 'til I
I'll sit here 'til I find the problem, no
I'll sit here 'til I
I'll sit here 'til I find the problem

No, I move slow
I want to stop time
I'll sit here 'til I find the problem
No, I move slow
I want to stop time
I'll sit here 'til I find the problem

I can feel pressure start to possess my mind
So I'll take this beat I should delete to exercise

Pet cheetah, cheetah
Pet cheetah, cheetah
Pet cheetah, cheetah
Pet cheetah, cheetah
Pet cheetah, cheetah
Pet cheetah, cheetah
Pet cheetah, cheetah
Pet cheetah, cheetah
Pet cheetah, cheetah
Pet cheetah, cheetah
Pet cheetah, cheetah
Pet cheetah, cheetah","i am on an island, no one to confide
eight days straight, eight hours each and not one line
i can feel pressure start to possess my mind
so, i'll take this beat i should delete to exercise
no, i move slow
i want to stop time
i'll sit here 'til i find the problem
no, i move slow
i want to stop time
i'll sit here 'til i find the problem
i've got a pet cheetah down in my basement
i've raised him, and bathed him, and named him jason
statham, i've trained him to make me these beats
now my pet cheetah's quicker in the studio than on his feet
i'ma get mine and get going
i'm showing my faces in just enough places
i'm done with tip-toeing, i'll stay in my room
my house is the one where the vultures are perched on the roof
get behind me, i bet this nepotistic mindset
will help us get ours as we're growing
this clique means so much to this dude
it could make him afraid of his music
and be scared to death he could lose it
no, i move slow
i want to stop time
i'll sit here 'til i find the problem
no, i move slow
i want to stop time
i'll sit here 'til i find the problem
i'll sit here 'til i
i'll sit here 'til i find the problem, no
i'll sit here 'til i
i'll sit here 'til i find the problem
no, i move slow
i want to stop time
i'll sit here 'til i find the problem
no, i move slow
i want to stop time
i'll sit here 'til i find the problem
i can feel pressure start to possess my mind
so i'll take this beat i should delete to exercise
pet cheetah, cheetah
pet cheetah, cheetah
pet cheetah, cheetah
pet cheetah, cheetah
pet cheetah, cheetah
pet cheetah, cheetah
pet cheetah, cheetah
pet cheetah, cheetah
pet cheetah, cheetah
pet cheetah, cheetah
pet cheetah, cheetah
pet cheetah, cheetah"
Legend,Trench,"You were one of those classic ones
Traveling around this sun
You were one of those classic ones
I wish she knew you
You were one of those classic ones
Now everybody knows
You were one of those classic ones, yeah

Alright
You're a legend in my own mind
My middle name, my goodbye

You were here when I wrote this
But the masters and mixes
Will take too long to finish to show you
I'm sorry I did not visit
Did not know how to take it
When your eyes did not know me
Like I know you

You were one of those classic ones
Travelin' around this sun
You were one of those classic ones
I wish she knew you (I wish she knew you)
You were one of those classic ones
Now everybody knows (Wish she knew you)
You were one of those classic ones, yeah

Alright
You're a legend in my own mind
My middle name, my goodbye
Goodbye, goodbye, goodbye, goodbye, oh
Goodbye, goodbye, goodbye, goodbye
Alright (wish she knew you)
You're a legend in my own mind
My middle name, my goodbye

Then the day that it happened, I recorded this last bit
I look forward to having a lunch with you again","you were one of those classic ones
traveling around this sun
you were one of those classic ones
i wish she knew you
you were one of those classic ones
now everybody knows
you were one of those classic ones, yeah
alright
you're a legend in my own mind
my middle name, my goodbye
you were here when i wrote this
but the masters and mixes
will take too long to finish to show you
i'm sorry i did not visit
did not know how to take it
when your eyes did not know me
like i know you
you were one of those classic ones
travelin' around this sun
you were one of those classic ones
i wish she knew you
you were one of those classic ones
now everybody knows
you were one of those classic ones, yeah
alright
you're a legend in my own mind
my middle name, my goodbye
goodbye, goodbye, goodbye, goodbye, oh
goodbye, goodbye, goodbye, goodbye
alright
you're a legend in my own mind
my middle name, my goodbye
then the day that it happened, i recorded this last bit
i look forward to having a lunch with you again"
Leave The City,Trench,"I'm tired of tending to this fire
I've used up all I've collected
I have singed my hands
It's glowing, embers barely showing
Proof of life in the shadows
Dancing on my plans

They know that it's almost
They know that it's almost over
They know that it's almost
They know that it's almost over

The burning is so low it's concerning
'Cause they know that when it goes out
It's a glorious gone
It's only time before they show me
Why no one ever comes back
With details from beyond

They know that it's almost
They know that it's almost over
They know that it's almost
They know that it's almost over
(They know)
They know that it's almost over
(They know)
They know that it's almost over
(They know)
(They know)
(They know)
(They know)

In time, I will leave the city
For now, I will stay alive
In time, I will leave the city
For now, I will stay alive
In time, I will leave the city
For now, I will stay alive
In time, I will leave the city
For now, I will stay alive

They know that it's almost
They know that it's almost over
They know that it's almost
They know that it's almost over
(They know)
(They know)

Last year I needed change of pace
Couldn't take the pace of change
Moving hastily
But this year, though I'm far from home
In Trench I'm not alone
These faces facin' me

They know
They know
What I mean","i'm tired of tending to this fire
i've used up all i've collected
i have singed my hands
it's glowing, embers barely showing
proof of life in the shadows
dancing on my plans
they know that it's almost
they know that it's almost over
they know that it's almost
they know that it's almost over
the burning is so low it's concerning
'cause they know that when it goes out
it's a glorious gone
it's only time before they show me
why no one ever comes back
with details from beyond
they know that it's almost
they know that it's almost over
they know that it's almost
they know that it's almost over
they know that it's almost over
they know that it's almost over
in time, i will leave the city
for now, i will stay alive
in time, i will leave the city
for now, i will stay alive
in time, i will leave the city
for now, i will stay alive
in time, i will leave the city
for now, i will stay alive
they know that it's almost
they know that it's almost over
they know that it's almost
they know that it's almost over
last year i needed change of pace
couldn't take the pace of change
moving hastily
but this year, though i'm far from home
in trench i'm not alone
these faces facin' me
they know
they know
what i mean"
Heavydirtysoul,Blurryface,"There's an infestation in my mind's imagination
I hope that they choke on smoke, 'cause I'm smokin' them out the basement
This is not rap, this is not hip-hop
Just another attempt to make the voices stop
Rappin' to prove nothin', just writin' to say somethin'
'Cause I wasn't the only one who wasn't rushin' to sayin' nothin'
This doesn't mean I lost my dream
It's just right now I got a really crazy mind to clean

Gangsters don't cry, therefore, therefore I'm (I'm)
Mr. Misty-eyed, therefore I'm (I'm)

Can you save? Can you save my?
Can you save my heavy, dirty soul?
Can you save? Can you save my?
Can you save my heavy, dirty soul?
For me, for me (Uh)
Can you save my heavy, dirty soul?
For me, for me (Uh)
Can you save my heavy, dirty soul?

Nah, I didn't understand a thing you said
If I didn't know better, I'd guess you're all already dead
Mindless zombies walkin' around with a limp and a hunch
Sayin' stuff like, ""You only live once""
You've got one time to figure it out
One time to twist, and one time to shout
One time to think and I say we start now
Sing it with me if you know what I'm talkin' about

Gangsters don't cry, therefore, therefore I'm (I'm)
Mr. Misty-eyed, therefore I'm (I'm)

Can you save? Can you save my?
Can you save my heavy, dirty soul?
Can you save? Can you save my?
Can you save my heavy dirty soul?
For me, for me (Uh)
Can you save my heavy, dirty soul?
For me, for me (Uh)
Can you save my heavy, dirty soul?

Death inspires me like a dog inspires a rabbit
Death inspires me like a dog inspires a rabbit

Can you save? Can you save my?
Can you save my heavy dirty soul?
Can you save? Can you save my?
Can you save my heavy, dirty soul?
For me, for me (Uh)
Can you save my heavy, dirty soul?
For me, for me (Uh)
Can you save my heavy, dirty soul?

Can you save? Can you save my? Save my
Can you save my heavy, dirty soul?
Can you save? Can you save my? Save my
Can you save my heavy, dirty soul?","there's an infestation in my mind's imagination
i hope that they choke on smoke, 'cause i'm smokin' them out the basement
this is not rap, this is not hip-hop
just another attempt to make the voices stop
rappin' to prove nothin', just writin' to say somethin'
'cause i wasn't the only one who wasn't rushin' to sayin' nothin'
this doesn't mean i lost my dream
it's just right now i got a really crazy mind to clean
gangsters don't cry, therefore, therefore i'm
mr. misty-eyed, therefore i'm
can you save? can you save my?
can you save my heavy, dirty soul?
can you save? can you save my?
can you save my heavy, dirty soul?
for me, for me
can you save my heavy, dirty soul?
for me, for me
can you save my heavy, dirty soul?
nah, i didn't understand a thing you said
if i didn't know better, i'd guess you're all already dead
mindless zombies walkin' around with a limp and a hunch
sayin' stuff like, ""you only live once""
you've got one time to figure it out
one time to twist, and one time to shout
one time to think and i say we start now
sing it with me if you know what i'm talkin' about
gangsters don't cry, therefore, therefore i'm
mr. misty-eyed, therefore i'm
can you save? can you save my?
can you save my heavy, dirty soul?
can you save? can you save my?
can you save my heavy dirty soul?
for me, for me
can you save my heavy, dirty soul?
for me, for me
can you save my heavy, dirty soul?
death inspires me like a dog inspires a rabbit
death inspires me like a dog inspires a rabbit
can you save? can you save my?
can you save my heavy dirty soul?
can you save? can you save my?
can you save my heavy, dirty soul?
for me, for me
can you save my heavy, dirty soul?
for me, for me
can you save my heavy, dirty soul?
can you save? can you save my? save my
can you save my heavy, dirty soul?
can you save? can you save my? save my
can you save my heavy, dirty soul?"
Stressed Out,Blurryface,"I wish I found some better sounds no one's ever heard
I wish I had a better voice that sang some better words
I wish I found some chords in an order that is new
I wish I didn't have to rhyme every time I sang
I was told, when I get older, all my fears would shrink
But now I'm insecure, and I care what people think

My name's Blurryface and I care what you think
My name's Blurryface and I care what you think

Wish we could turn back time to the good old days
When our mama sang us to sleep, but now we're stressed out (Oh)
Wish we could turn back time (Oh) to the good old days (Oh)
When our mama sang us to sleep, but now we're stressed out
We're stressed out

Sometimes a certain smell will take me back to when I was young
How come I'm never able to identify where it's coming from?
I'd make a candle out of it, if I ever found it
Try to sell it, never sell out of it, I'd probably only sell one
It'd be to my brother, 'cause we have the same nose
Same clothes, homegrown, a stone's throw from a creek we used to roam
But it would remind us of when nothing really mattered
Out of student loans and treehouse homes, we all would take the latter

My-my-my name's Blurryface and I care what you think
My name's Blurryface and I care what you think

Wish we could turn back time to the good old days
When our mama sang us to sleep, but now we're stressed out (Oh)
Wish we could turn back time (Oh) to the good old days (Oh)
When our mama sang us to sleep, but now we're stressed out

We used to play pretend, give each other different names
We would build a rocket ship and then we'd fly it far away
Used to dream of outer space, but now they're laughin' at our face
Sayin', ""Wake up, you need to make money,"" yeah
We used to play pretend, give each other different names
We would build a rocket ship and then we'd fly it far away
Used to dream of outer space, but now they're laughin' at our face
Sayin', ""Wake up, you need to make money,"" yeah

Wish we could turn back time to the good old days
When our mama sang us to sleep, but now we're stressed out (Oh)
Wish we could turn back time (Oh) to the good old days (Oh)
When our mama sang us to sleep, but now we're stressed out

We used to play pretend, used to play pretend, money
We used to play pretend, wake up, you need the money
Used to play pretend, used to play pretend, money
We used to play pretend, wake up, you need the money
Used to play pretend, give each other different names
We would build a rocket ship and then we'd fly it far away
Used to dream of outer space, but now they're laughin' at our face
Sayin', ""Wake up, you need to make money,"" yeah","i wish i found some better sounds no one's ever heard
i wish i had a better voice that sang some better words
i wish i found some chords in an order that is new
i wish i didn't have to rhyme every time i sang
i was told, when i get older, all my fears would shrink
but now i'm insecure, and i care what people think
my name's blurryface and i care what you think
my name's blurryface and i care what you think
wish we could turn back time to the good old days
when our mama sang us to sleep, but now we're stressed out
wish we could turn back time to the good old days
when our mama sang us to sleep, but now we're stressed out
we're stressed out
sometimes a certain smell will take me back to when i was young
how come i'm never able to identify where it's coming from?
i'd make a candle out of it, if i ever found it
try to sell it, never sell out of it, i'd probably only sell one
it'd be to my brother, 'cause we have the same nose
same clothes, homegrown, a stone's throw from a creek we used to roam
but it would remind us of when nothing really mattered
out of student loans and treehouse homes, we all would take the latter
my-my-my name's blurryface and i care what you think
my name's blurryface and i care what you think
wish we could turn back time to the good old days
when our mama sang us to sleep, but now we're stressed out
wish we could turn back time to the good old days
when our mama sang us to sleep, but now we're stressed out
we used to play pretend, give each other different names
we would build a rocket ship and then we'd fly it far away
used to dream of outer space, but now they're laughin' at our face
sayin', ""wake up, you need to make money,"" yeah
we used to play pretend, give each other different names
we would build a rocket ship and then we'd fly it far away
used to dream of outer space, but now they're laughin' at our face
sayin', ""wake up, you need to make money,"" yeah
wish we could turn back time to the good old days
when our mama sang us to sleep, but now we're stressed out
wish we could turn back time to the good old days
when our mama sang us to sleep, but now we're stressed out
we used to play pretend, used to play pretend, money
we used to play pretend, wake up, you need the money
used to play pretend, used to play pretend, money
we used to play pretend, wake up, you need the money
used to play pretend, give each other different names
we would build a rocket ship and then we'd fly it far away
used to dream of outer space, but now they're laughin' at our face
sayin', ""wake up, you need to make money,"" yeah"
Ride,Blurryface,"I just wanna stay in the sun where I find
I know it's hard sometimes
Pieces of peace in the sun's peace of mind
I know it's hard sometimes
Yeah, I think about the end just way too much
But it's fun to fantasize
On my enemies who wouldn't wish who I was
But it's fun to fantasize

Oh-woah-woah, oh-woah-woah, I'm fallin'
So I'm takin' my time on my ride, oh-woah-woah, I'm fallin'
So I'm takin' my time on my ride
Takin' my time on my ride

""I'd die for you,"" that's easy to say
We have a list of people that we would take
A bullet for them, a bullet for you
A bullet for everybody in this room
But I don't seem to see many bullets comin' through
See many bullets comin' through
Metaphorically, I'm the man
But literally, I don't know what I'd do
""I'd live for you,"" and that's hard to do
Even harder to say when you know it's not true
Even harder to write when you know that tonight
There were people back home who tried talking to you
But then you ignore them still
All these questions they're for real
Like ""Who would you live for?"" ""Who would you die for?""
And ""Would you ever kill?""

Oh-woah-woah, oh-woah-woah, I'm fallin'
So I'm takin' my time on my ride, oh-woah-woah, I'm fallin'
So I'm takin' my time on my ride
Takin' my time on my ride

I've been thinkin' too much
I've been thinkin' too much
I've been thinkin' too much
I've been thinkin' too much
Help me
I've been thinkin' too much
I've been thinkin' too much
I've been thinkin' too much
Help me
I've been thinkin' too much
I've been thinkin' too much
I've been thinkin' too much

Oh-woah-woah, oh-woah-woah, I'm fallin'
So I'm takin' my time on my ride, oh-woah-woah, I'm fallin'
So I'm takin' my time
Takin' my time on my ride, woah-oh-oh (Woah, yeah)
Oh-woah-woah, oh-woah-woah, I'm fallin'
So I'm takin' my time on my ride, oh-woah-woah, I'm fallin'
So I'm takin' my time on my—

I've been thinkin' too much
Help me
I've been thinkin' too much
Help me
I've been thinkin' too much
I've been thinkin' too much
I've been thinkin' too much
Help me
I've been thinkin' too much
I've been thinkin' too much
I've been thinkin' too much
Help me","i just wanna stay in the sun where i find
i know it's hard sometimes
pieces of peace in the sun's peace of mind
i know it's hard sometimes
yeah, i think about the end just way too much
but it's fun to fantasize
on my enemies who wouldn't wish who i was
but it's fun to fantasize
oh-woah-woah, oh-woah-woah, i'm fallin'
so i'm takin' my time on my ride, oh-woah-woah, i'm fallin'
so i'm takin' my time on my ride
takin' my time on my ride
""i'd die for you,"" that's easy to say
we have a list of people that we would take
a bullet for them, a bullet for you
a bullet for everybody in this room
but i don't seem to see many bullets comin' through
see many bullets comin' through
metaphorically, i'm the man
but literally, i don't know what i'd do
""i'd live for you,"" and that's hard to do
even harder to say when you know it's not true
even harder to write when you know that tonight
there were people back home who tried talking to you
but then you ignore them still
all these questions they're for real
like ""who would you live for?"" ""who would you die for?""
and ""would you ever kill?""
oh-woah-woah, oh-woah-woah, i'm fallin'
so i'm takin' my time on my ride, oh-woah-woah, i'm fallin'
so i'm takin' my time on my ride
takin' my time on my ride
i've been thinkin' too much
i've been thinkin' too much
i've been thinkin' too much
i've been thinkin' too much
help me
i've been thinkin' too much
i've been thinkin' too much
i've been thinkin' too much
help me
i've been thinkin' too much
i've been thinkin' too much
i've been thinkin' too much
oh-woah-woah, oh-woah-woah, i'm fallin'
so i'm takin' my time on my ride, oh-woah-woah, i'm fallin'
so i'm takin' my time
takin' my time on my ride, woah-oh-oh
oh-woah-woah, oh-woah-woah, i'm fallin'
so i'm takin' my time on my ride, oh-woah-woah, i'm fallin'
so i'm takin' my time on my—
i've been thinkin' too much
help me
i've been thinkin' too much
help me
i've been thinkin' too much
i've been thinkin' too much
i've been thinkin' too much
help me
i've been thinkin' too much
i've been thinkin' too much
i've been thinkin' too much
help me"
Fairly Local,Blurryface,"Ah, I'm fairly local, I've been around
I've seen the streets you're walkin' down
I'm fairly local, good people now
Oh-oh-oh-oh-oh-oh-oh

I'm evil to the core, what I shouldn't do I will
They say I'm emotional, what I wanna save I'll kill
Is that who I truly am? I truly don't have a chance
Tomorrow I'll keep a beat and repeat yesterday's dance

Yo, this song will never be on the radio
Even if my clique were to pick and the people were to vote
It's the few, the proud, and the emotional
Yo, you, bulletproof in black like a funeral
The world around us is burnin', but we're so cold
It's the few, the proud, and the emotional

Ah, I'm fairly local, I've been around
I've seen the streets you're walkin' down
I'm fairly local, good people now
Oh-oh-oh-oh-oh-oh-oh
Oh-oh-oh-oh-oh-oh-oh

I'm not evil to the core, what I shouldn't do I will fight
I know I'm emotional, what I wanna save I will try
I know who I truly am, I truly do have a chance
Tomorrow I'll switch the beat to avoid yesterday's dance

Yo, this song will never be on the radio
Even if my clique were to pick and the people were to vote
It's the few, the proud, and the emotional
Yo, you, bulletproof in black like a funeral
The world around us is burnin', but we're so cold
It's the few, the proud, and the emotional

I'm fairly local, I've been around
I've seen the streets you're walkin' down
I'm fairly local, good people now
Oh-oh-oh-oh-oh-oh-oh
Oh-oh-oh-oh-oh-oh-oh
Oh-oh-oh-oh-oh-oh-oh


Ah, I'm fairly local, I've been around
I've seen the streets (I've seen the streets) you're walkin' down
I'm fairly local, good people now
Oh-oh-oh-oh-oh-oh-oh (Yeah)
I'm fairly local, good people now
Oh-oh-oh-oh-oh-oh-oh, good people now
Oh-oh-oh-oh-oh-oh-oh, good people now
Oh-oh-oh-oh-oh-oh-oh","ah, i'm fairly local, i've been around
i've seen the streets you're walkin' down
i'm fairly local, good people now
oh-oh-oh-oh-oh-oh-oh
i'm evil to the core, what i shouldn't do i will
they say i'm emotional, what i wanna save i'll kill
is that who i truly am? i truly don't have a chance
tomorrow i'll keep a beat and repeat yesterday's dance
yo, this song will never be on the radio
even if my clique were to pick and the people were to vote
it's the few, the proud, and the emotional
yo, you, bulletproof in black like a funeral
the world around us is burnin', but we're so cold
it's the few, the proud, and the emotional
ah, i'm fairly local, i've been around
i've seen the streets you're walkin' down
i'm fairly local, good people now
oh-oh-oh-oh-oh-oh-oh
oh-oh-oh-oh-oh-oh-oh
i'm not evil to the core, what i shouldn't do i will fight
i know i'm emotional, what i wanna save i will try
i know who i truly am, i truly do have a chance
tomorrow i'll switch the beat to avoid yesterday's dance
yo, this song will never be on the radio
even if my clique were to pick and the people were to vote
it's the few, the proud, and the emotional
yo, you, bulletproof in black like a funeral
the world around us is burnin', but we're so cold
it's the few, the proud, and the emotional
i'm fairly local, i've been around
i've seen the streets you're walkin' down
i'm fairly local, good people now
oh-oh-oh-oh-oh-oh-oh
oh-oh-oh-oh-oh-oh-oh
oh-oh-oh-oh-oh-oh-oh
ah, i'm fairly local, i've been around
i've seen the streets you're walkin' down
i'm fairly local, good people now
oh-oh-oh-oh-oh-oh-oh
i'm fairly local, good people now
oh-oh-oh-oh-oh-oh-oh, good people now
oh-oh-oh-oh-oh-oh-oh, good people now
oh-oh-oh-oh-oh-oh-oh"
Tear in My Heart,Blurryface,"An-nyŏng-ha-se-yo

Sometimes you gotta bleed to know
That you're alive and have a soul
But it takes someone to come around to show you how

She's the tear in my heart, I'm alive
She's the tear in my heart, I'm on fire
She's the tear in my heart, take me higher
Than I've ever been

The songs on the radio are okay
But my taste in music is your face
And it takes a song to come around to show you how

She's the tear in my heart, I'm alive
She's the tear in my heart, I'm on fire
She's the tear in my heart, take me higher
Than I've ever been
Than I've ever been
Than I've ever been
Than I've ever been

You fell asleep in my car, I drove the whole time
But that's okay, I'll just avoid the holes so you sleep fine
I'm driving here I sit, cursing my government
For not usin' my taxes to fill holes with more cement
You fell asleep in my car, I drove the whole time
But that's okay, I'll just avoid the holes so you sleep fine
I'm driving here I sit, cursing my government
For not using my taxes to fill holes with more cement
Sometimes you gotta bleed to know, oh, oh
That you're alive and have a soul, oh, oh
But it takes someone to come around to show you how

She's the tear in my heart, I'm alive
She's the tear in my heart, I'm on fire
She's the tear in my heart, take me higher
Than I've ever been

My heart is my armor
She's the tear in my heart, she's a carver
She's a butcher with a smile, cut me farther
Than I've ever been
Than I've ever been
Than I've ever been
Oh, than I've ever been
My heart is my armor
She's the tear in my heart, she's a carver
She's a butcher with a smile, cut me farther
Than I've ever been","an-nyŏng-ha-se-yo
sometimes you gotta bleed to know
that you're alive and have a soul
but it takes someone to come around to show you how
she's the tear in my heart, i'm alive
she's the tear in my heart, i'm on fire
she's the tear in my heart, take me higher
than i've ever been
the songs on the radio are okay
but my taste in music is your face
and it takes a song to come around to show you how
she's the tear in my heart, i'm alive
she's the tear in my heart, i'm on fire
she's the tear in my heart, take me higher
than i've ever been
than i've ever been
than i've ever been
than i've ever been
you fell asleep in my car, i drove the whole time
but that's okay, i'll just avoid the holes so you sleep fine
i'm driving here i sit, cursing my government
for not usin' my taxes to fill holes with more cement
you fell asleep in my car, i drove the whole time
but that's okay, i'll just avoid the holes so you sleep fine
i'm driving here i sit, cursing my government
for not using my taxes to fill holes with more cement
sometimes you gotta bleed to know, oh, oh
that you're alive and have a soul, oh, oh
but it takes someone to come around to show you how
she's the tear in my heart, i'm alive
she's the tear in my heart, i'm on fire
she's the tear in my heart, take me higher
than i've ever been
my heart is my armor
she's the tear in my heart, she's a carver
she's a butcher with a smile, cut me farther
than i've ever been
than i've ever been
than i've ever been
oh, than i've ever been
my heart is my armor
she's the tear in my heart, she's a carver
she's a butcher with a smile, cut me farther
than i've ever been"
Lane Boy,Blurryface,"They say, ""Stay in your lane, boy, lane, boy""
But we go where we want to
They think this thing is a highway, highway
But will they be alive tomorrow?

They think this thing is a highway
If it was our way, we'd have a tempo change every other time change
'Cause our minds change on what we think is good
I wasn't raised in the hood
But I know a thing or two about pain and darkness
If it wasn't for this music I don't know how I would have fought this
Regardless, all these songs I'm hearin' are so heartless
Don't trust a perfect person and don't trust a song that's flawless
Honest, there's a few songs on this record that feel common
I'm in constant confrontation with what I want and what is poppin'
In the industry, it seems to me that singles on the radio are currency
My creativity's only free when I'm playin' shows

They say, ""Stay in your lane, boy, lane, boy""
But we go where we want to
They think this thing is a highway, highway
But will they be alive tomorrow?
(Will they be alive tomorrow?)

I'm sorry if that question I asked last
Scared you a bit like a hazmat, in a gas mask if you ask Zack
He's my brother, he likes when I rap fast
But let's backtrack, back to this
Who would you live and die for on that list?
But the problem is, there's another list that exists and no one really wants to think about this
Forget sanity, forget salary, forget vanity, my morality
If you get in between someone I love and me
You're gonna feel the heat of my cavalry
All these songs I'm hearin' are so heartless
Don't trust a perfect person and don't trust a song that's flawless

They say, ""Stay in your lane, boy, lane, boy""
But we go where we want to
They think this thing is a highway, highway
But will they be alive tomorrow?
They say, ""Stay in your lane, boy, lane, boy""
But we go where we want to
They think this thing is a highway, highway
But will they be alive tomorrow?

(But will they be alive tomorrow?)
(But will they be alive tomorrow?)
(But will they be alive tomorrow?)
They be alive tomorrow?


They say, ""Stay in your lane, boy, lane, boy""
But we go where we want to
They think this thing is a highway, highway
But will they be alive tomorrow?
They say, ""Stay in your lane, boy, lane, boy""
But we go where we want to
They think this thing is a highway, highway
But will they be alive tomorrow?","they say, ""stay in your lane, boy, lane, boy""
but we go where we want to
they think this thing is a highway, highway
but will they be alive tomorrow?
they think this thing is a highway
if it was our way, we'd have a tempo change every other time change
'cause our minds change on what we think is good
i wasn't raised in the hood
but i know a thing or two about pain and darkness
if it wasn't for this music i don't know how i would have fought this
regardless, all these songs i'm hearin' are so heartless
don't trust a perfect person and don't trust a song that's flawless
honest, there's a few songs on this record that feel common
i'm in constant confrontation with what i want and what is poppin'
in the industry, it seems to me that singles on the radio are currency
my creativity's only free when i'm playin' shows
they say, ""stay in your lane, boy, lane, boy""
but we go where we want to
they think this thing is a highway, highway
but will they be alive tomorrow?
i'm sorry if that question i asked last
scared you a bit like a hazmat, in a gas mask if you ask zack
he's my brother, he likes when i rap fast
but let's backtrack, back to this
who would you live and die for on that list?
but the problem is, there's another list that exists and no one really wants to think about this
forget sanity, forget salary, forget vanity, my morality
if you get in between someone i love and me
you're gonna feel the heat of my cavalry
all these songs i'm hearin' are so heartless
don't trust a perfect person and don't trust a song that's flawless
they say, ""stay in your lane, boy, lane, boy""
but we go where we want to
they think this thing is a highway, highway
but will they be alive tomorrow?
they say, ""stay in your lane, boy, lane, boy""
but we go where we want to
they think this thing is a highway, highway
but will they be alive tomorrow?
they be alive tomorrow?
they say, ""stay in your lane, boy, lane, boy""
but we go where we want to
they think this thing is a highway, highway
but will they be alive tomorrow?
they say, ""stay in your lane, boy, lane, boy""
but we go where we want to
they think this thing is a highway, highway
but will they be alive tomorrow?"
The Judge,Blurryface,"Na-na-na-na, oh, oh
Na-na-na-na, oh, oh
Na-na-na-na, oh, oh

When the leader of the bad guys sang
Something soft and soaked in pain
I heard the echo from his secret hideaway
He must've forgot to close his door
As he cranked out those dismal chords
And his four walls declared him insane

I found my way, right time, wrong place
As I pled my case

You're the judge, oh no
Set me free
You're the judge, oh no
Set me free
I know my soul's freezin', Hell's hot for good reason
So please, take me

Na-na-na-na, oh, oh
Na-na-na-na, oh, oh
Na-na-na-na, oh, oh

Three lights are lit, but the fourth one's out
I can tell 'cause it's a bit darker than the last night's bout
I forgot about the drought of light bulbs in this house
So I head out down a route I think is headin' south
But I'm not good with directions and I hide behind my mouth
I'm a pro at imperfections and I'm best friends with my doubt
And now that my mind's out and now I hear it clear and loud
I'm thinkin', ""Wow, I probably should've stayed inside my house""

I found my way, right time, wrong place
As I pled my case

You're the judge, oh no
Set me free
You're the judge, oh no
Set me free
I know my soul's freezin', Hell's hot for good reason
So please

I don't know if this song
Is a surrender or a revel
I don't know if this one
Is about me or the devil
I don't know if this song
Is a surrender or a revel
I don't know if this one
Is about me or the devil

(Woah, oh-oh)
Oh! (Yeah)
(Woah, oh-oh)

You're the judge, oh no
Set me free, oh no
You're the judge, oh no
Set me free, oh no
I know my soul's freezin', Hell's hot for good reason (Oh)
So please (Ooh-ooh)

(Yeah, yeah)
(Yeah, yeah, yeah)
Na-na-na-na, oh, oh
Na-na-na-na, oh, oh
Na-na-na-na, oh, oh
Na-na-na-na, oh, oh

You're the judge, oh no (Na-na-na-na, oh, oh)
Set me free (Na-na-na-na, oh, oh)
You're the judge, oh no (Na-na-na-na, oh, oh)
Set me free (Na-na-na-na, oh, oh)
You're the judge, oh no (Na-na-na-na, oh, oh)
Set me free (Na-na-na-na, oh, oh; oh, Josh Dun!)
You're the judge, oh no (Na-na-na-na, oh, oh)
Set me free (Na-na-na-na, oh, oh)","na-na-na-na, oh, oh
na-na-na-na, oh, oh
na-na-na-na, oh, oh
when the leader of the bad guys sang
something soft and soaked in pain
i heard the echo from his secret hideaway
he must've forgot to close his door
as he cranked out those dismal chords
and his four walls declared him insane
i found my way, right time, wrong place
as i pled my case
you're the judge, oh no
set me free
you're the judge, oh no
set me free
i know my soul's freezin', hell's hot for good reason
so please, take me
na-na-na-na, oh, oh
na-na-na-na, oh, oh
na-na-na-na, oh, oh
three lights are lit, but the fourth one's out
i can tell 'cause it's a bit darker than the last night's bout
i forgot about the drought of light bulbs in this house
so i head out down a route i think is headin' south
but i'm not good with directions and i hide behind my mouth
i'm a pro at imperfections and i'm best friends with my doubt
and now that my mind's out and now i hear it clear and loud
i'm thinkin', ""wow, i probably should've stayed inside my house""
i found my way, right time, wrong place
as i pled my case
you're the judge, oh no
set me free
you're the judge, oh no
set me free
i know my soul's freezin', hell's hot for good reason
so please
i don't know if this song
is a surrender or a revel
i don't know if this one
is about me or the devil
i don't know if this song
is a surrender or a revel
i don't know if this one
is about me or the devil
oh!
you're the judge, oh no
set me free, oh no
you're the judge, oh no
set me free, oh no
i know my soul's freezin', hell's hot for good reason
so please
na-na-na-na, oh, oh
na-na-na-na, oh, oh
na-na-na-na, oh, oh
na-na-na-na, oh, oh
you're the judge, oh no
set me free
you're the judge, oh no
set me free
you're the judge, oh no
set me free
you're the judge, oh no
set me free"
Doubt,Blurryface,"Scared of my own image, scared of my own immaturity
Scared of my own ceiling, scared I'll die of uncertainty
Fear might be the death of me, fear leads to anxiety
Don't know what's inside of me

Don't forget abou-bou-bou-bou-bout me
Don't forget abou-bou-bou-bou-bout me
Even when I doubt you (Doubt you)
I'm no good without you, no, no

Temperature is dropping, temperature is dropping
I'm not sure if I can see this ever stopping
Shaking hands with the dark parts of my thoughts, no
You are all that I've got, no

Don't forget abou-bou-bou-bou-bout me
Don't forget abou-bou-bou-bou-bout me
Even when I doubt you (Doubt you)
I'm no good without you, no, no, no, no, no

Gnawing on the bishops, claw our way up their system
Repeating simple phrases, someone holy insisted
Want the markings made on my skin
To mean something to me again
Hope you haven't left without me
Hope you haven't left without me, please

Don't forget abou-bou-bou-bou-bout me
Don't forget abou-bou-bou-bou-bout me
Even when I doubt you (Doubt you)
I'm no good without you, no
Don't forget abou-bou-bou-bou-bout me
Don't forget abou-bou-bou-bou-bout me
Even when I doubt you
No good without you, no, no, no, no

Hey, hey (Don't forget about me, no), no, no, no, no
Hey, hey (Don't forget about me, no), no, no, no, no
Hey, hey (Don't forget about me, no)
Hey, hey (Don't forget about me, no)","scared of my own image, scared of my own immaturity
scared of my own ceiling, scared i'll die of uncertainty
fear might be the death of me, fear leads to anxiety
don't know what's inside of me
don't forget abou-bou-bou-bou-bout me
don't forget abou-bou-bou-bou-bout me
even when i doubt you
i'm no good without you, no, no
temperature is dropping, temperature is dropping
i'm not sure if i can see this ever stopping
shaking hands with the dark parts of my thoughts, no
you are all that i've got, no
don't forget abou-bou-bou-bou-bout me
don't forget abou-bou-bou-bou-bout me
even when i doubt you
i'm no good without you, no, no, no, no, no
gnawing on the bishops, claw our way up their system
repeating simple phrases, someone holy insisted
want the markings made on my skin
to mean something to me again
hope you haven't left without me
hope you haven't left without me, please
don't forget abou-bou-bou-bou-bout me
don't forget abou-bou-bou-bou-bout me
even when i doubt you
i'm no good without you, no
don't forget abou-bou-bou-bou-bout me
don't forget abou-bou-bou-bou-bout me
even when i doubt you
no good without you, no, no, no, no
hey, hey , no, no, no, no
hey, hey , no, no, no, no
hey, hey
hey, hey"
Polarize,Blurryface,"Help me polarize, help me polarize, help me down
Those stairs is where I'll be hidin' all my problems
Help me polarize, help me polarize, help me out
My friends and I, we got a lot of problems

You know where I'm comin' from
Though I am runnin' to you
All I feel is deny, deny, denial

I wanted to be a better brother, better son
Wanted to be a better adversary to the evil I have done
I have none to show to the one I love
But deny, deny, denial

Help me polarize, help me polarize, help me down
Those stairs is where I'll be hidin' all my problems
Help me polarize, help me polarize, help me out
My friends and I, we got a lot of problems

Polarize is takin' your disguises
Separatin' 'em, splittin' 'em up from wrong and right
It's decidin' where to die and decidin' where to fight
Deny, deny, denial

I wanted to be a better brother, better son
Wanted to be a better adversary to the evil I have done
I have none to show to the one I love
But deny, deny, denial

Help me polarize, help me polarize, help me down
Those stairs is where I'll be hidin' all my problems
Help me polarize, help me polarize, help me out
My friends and I, we got a lot of problems

Ah-da-da, da-da, da-da da-da
Ah-da-da, da-da, we have problems
Ah-da-da, da-da, da-da da-da
Ah-da-da, da-da, we have problems

Domingo en fuego
I think I lost my halo
I don't know where you are
You'll have to come and find me, find me
Domingo en fuego
I think I lost my halo
I don't know where you are
You'll have to come and find me, find me

Ah-da-da da-da da-da da-da
Ah-da-da da-da, we have problems
Ah-da-da da-da da-da da-da
Ah-da-da da-da, we have problems

Help me polarize, help me polarize, help me out
My friends and I have problems
Help me polarize, help me polarize, help me out
My friends and I have problems
Help me polarize, help me polarize, help me out
My friends and I have problems
Help me polarize, help me polarize, help me out
My friends and I have problems, yeah

(We have problems)
Singing out, we're singing out, we're singing out
(We have problems)
Yeah

I wanted to be a better brother, better son
I wanted to be a better brother, better son
I wanted to be a better brother, better son","help me polarize, help me polarize, help me down
those stairs is where i'll be hidin' all my problems
help me polarize, help me polarize, help me out
my friends and i, we got a lot of problems
you know where i'm comin' from
though i am runnin' to you
all i feel is deny, deny, denial
i wanted to be a better brother, better son
wanted to be a better adversary to the evil i have done
i have none to show to the one i love
but deny, deny, denial
help me polarize, help me polarize, help me down
those stairs is where i'll be hidin' all my problems
help me polarize, help me polarize, help me out
my friends and i, we got a lot of problems
polarize is takin' your disguises
separatin' 'em, splittin' 'em up from wrong and right
it's decidin' where to die and decidin' where to fight
deny, deny, denial
i wanted to be a better brother, better son
wanted to be a better adversary to the evil i have done
i have none to show to the one i love
but deny, deny, denial
help me polarize, help me polarize, help me down
those stairs is where i'll be hidin' all my problems
help me polarize, help me polarize, help me out
my friends and i, we got a lot of problems
ah-da-da, da-da, da-da da-da
ah-da-da, da-da, we have problems
ah-da-da, da-da, da-da da-da
ah-da-da, da-da, we have problems
domingo en fuego
i think i lost my halo
i don't know where you are
you'll have to come and find me, find me
domingo en fuego
i think i lost my halo
i don't know where you are
you'll have to come and find me, find me
ah-da-da da-da da-da da-da
ah-da-da da-da, we have problems
ah-da-da da-da da-da da-da
ah-da-da da-da, we have problems
help me polarize, help me polarize, help me out
my friends and i have problems
help me polarize, help me polarize, help me out
my friends and i have problems
help me polarize, help me polarize, help me out
my friends and i have problems
help me polarize, help me polarize, help me out
my friends and i have problems, yeah
singing out, we're singing out, we're singing out
yeah
i wanted to be a better brother, better son
i wanted to be a better brother, better son
i wanted to be a better brother, better son"
We Don’t Believe What’s on TV,Blurryface,"Yeah, yeah, yeah!

We don't believe what's on TV
Because it's what we want to see
And what we want we know we can't believe
We have all learned to kill our dreams

I need to know
That when I fail, you'll still be here, mm
'Cause if you stick around, I'll sing you pretty sounds
And we'll make money selling your hair

I don't care what's in your hair
I just wanna know what's on your mind
I used to say, ""I wanna die before I'm old""
But because of you, I might think twice
Yeah, yeah, yeah!
Yeah, yeah, yeah!

Alright, second verse

What if my dream does not happen?
Would I just change what I've told my friends?
Don't want to know who I would be
When I wake up from a dreamer's sleep

I need to know
That when I fail, you'll still be here, oh
'Cause if you stick around, I'll sing you pretty sounds
And we'll make money selling your hair

But I don't care what's in your hair
I just wanna know what's on your mind
I used to say I wanna die before I'm old
But because of you, I might think twice
I don't care what's in your hair
I just wanna know what's on your mind
I used to say I wanna die before I'm old
But because of you, I might think twice

Yeah, yeah, yeah!
Oh!
Yeah, yeah, yeah!
Yeah, yeah, yeah!
Oh-oh-oh-oh-oh
Yeah, yeah, yeah!
Oh-oh-oh-oh-oh
Yeah, yeah, yeah!
Oh-oh-oh-oh-oh
Yeah, yeah, yeah!
Oh-oh-oh-oh-oh
Yeah, yeah, yeah!
Oh-oh-oh-oh-oh
Yeah, yeah, yeah!
Oh-oh-oh-oh-oh
Yeah, yeah, yeah!
Oh-oh-oh-oh-oh
Yeah, yeah, yeah!
Oh-oh-oh-oh-oh
Yeah, yeah, yeah!","yeah, yeah, yeah!
we don't believe what's on tv
because it's what we want to see
and what we want we know we can't believe
we have all learned to kill our dreams
i need to know
that when i fail, you'll still be here, mm
'cause if you stick around, i'll sing you pretty sounds
and we'll make money selling your hair
i don't care what's in your hair
i just wanna know what's on your mind
i used to say, ""i wanna die before i'm old""
but because of you, i might think twice
yeah, yeah, yeah!
yeah, yeah, yeah!
alright, second verse
what if my dream does not happen?
would i just change what i've told my friends?
don't want to know who i would be
when i wake up from a dreamer's sleep
i need to know
that when i fail, you'll still be here, oh
'cause if you stick around, i'll sing you pretty sounds
and we'll make money selling your hair
but i don't care what's in your hair
i just wanna know what's on your mind
i used to say i wanna die before i'm old
but because of you, i might think twice
i don't care what's in your hair
i just wanna know what's on your mind
i used to say i wanna die before i'm old
but because of you, i might think twice
yeah, yeah, yeah!
oh!
yeah, yeah, yeah!
yeah, yeah, yeah!
oh-oh-oh-oh-oh
yeah, yeah, yeah!
oh-oh-oh-oh-oh
yeah, yeah, yeah!
oh-oh-oh-oh-oh
yeah, yeah, yeah!
oh-oh-oh-oh-oh
yeah, yeah, yeah!
oh-oh-oh-oh-oh
yeah, yeah, yeah!
oh-oh-oh-oh-oh
yeah, yeah, yeah!
oh-oh-oh-oh-oh
yeah, yeah, yeah!
oh-oh-oh-oh-oh
yeah, yeah, yeah!"
Message Man,Blurryface,"(Eh, eh, eh, eh)
(Eh, eh, eh, eh)
No, no, no, no, no, no (
Eh, eh, eh, eh
)
Yeah, yeah, yeah, yeah, yeah, yeah (
Eh, eh, eh, eh
)

A loser hides behind
A mask of my disguise
And who I am today
Is worse than other times
You don't know what I've done
I'm wanted and on the run
I'm wanted and on the run
So I'm takin' this moment to live in the future

Release me from the present, I'm obsessin', all these questions
Why I'm in denial that they tried the suicidal session
Please use discretion when you're messin' with the message, man
These lyrics aren't for everyone, only few understand

(Eh, eh, eh, eh)
(Eh, eh, eh, eh)
No, no, no, no, no, no (
Eh, eh, eh, eh
)
Yeah, yeah, yeah, yeah, yeah, yeah (
Eh, eh, eh, eh
)

You don't know my brain
The way you know my name
You don't know my heart
The way you know my face
You don't know what I've done
I'm wanted and on the run
I'm wanted and on the run
So I'm takin' this moment to live in the future

Release me from the present, I'm obsessin', all these questions
Why I'm in denial that they tried the suicidal session
Please use discretion when you're messin' with the message, man
These lyrics aren't for everyone, only few understand

(
Eh, eh, eh, eh
)
(
Eh, eh, eh, eh
)
My people singin'
(
Eh, eh, eh, eh
)
My people singin'
(
Eh, eh, eh, eh
)
Hope you're dead 'cause how could you sleep at a time like this?
People, they rhyme like this, we're all impressed by this
They rip it, flip it, but these are just triplets
Wrote this in three minutes, three words to a line
It's just poetry divided, I'm the kind of guy
Who takes every moment he knows he confided in
Music to use it for others to use it
You're dead 'cause how could you sleep at a time like this?
Life is up here but you comment below
And the comments will always become common
Motivation to promote your show's next episode
So your brain knows to keep going even though hope
Is far from this moment
But you and I know it gets better when morning finally rears its head
Together we're losers, remember the future
Remember the morning is when night is dead

Release me from the present, I'm obsessin', all these questions
Why I'm in denial that they tried the suicidal session
Please use discretion when you're messin' with the message, man
These lyrics aren't for everyone, only few understand
Please use discretion when you're messin' with the message, man
These lyrics aren't for everyone, only few understand

(Eh, eh, eh, eh)
(Eh, eh, eh, eh)
My people singin'
(Eh, eh, eh, eh)
My people singin'
(Eh, eh, eh, eh)
My people singin'","no, no, no, no, no, no (
eh, eh, eh, eh
)
yeah, yeah, yeah, yeah, yeah, yeah (
eh, eh, eh, eh
)
a loser hides behind
a mask of my disguise
and who i am today
is worse than other times
you don't know what i've done
i'm wanted and on the run
i'm wanted and on the run
so i'm takin' this moment to live in the future
release me from the present, i'm obsessin', all these questions
why i'm in denial that they tried the suicidal session
please use discretion when you're messin' with the message, man
these lyrics aren't for everyone, only few understand
no, no, no, no, no, no (
eh, eh, eh, eh
)
yeah, yeah, yeah, yeah, yeah, yeah (
eh, eh, eh, eh
)
you don't know my brain
the way you know my name
you don't know my heart
the way you know my face
you don't know what i've done
i'm wanted and on the run
i'm wanted and on the run
so i'm takin' this moment to live in the future
release me from the present, i'm obsessin', all these questions
why i'm in denial that they tried the suicidal session
please use discretion when you're messin' with the message, man
these lyrics aren't for everyone, only few understand
(
eh, eh, eh, eh
)
(
eh, eh, eh, eh
)
my people singin'
(
eh, eh, eh, eh
)
my people singin'
(
eh, eh, eh, eh
)
hope you're dead 'cause how could you sleep at a time like this?
people, they rhyme like this, we're all impressed by this
they rip it, flip it, but these are just triplets
wrote this in three minutes, three words to a line
it's just poetry divided, i'm the kind of guy
who takes every moment he knows he confided in
music to use it for others to use it
you're dead 'cause how could you sleep at a time like this?
life is up here but you comment below
and the comments will always become common
motivation to promote your show's next episode
so your brain knows to keep going even though hope
is far from this moment
but you and i know it gets better when morning finally rears its head
together we're losers, remember the future
remember the morning is when night is dead
release me from the present, i'm obsessin', all these questions
why i'm in denial that they tried the suicidal session
please use discretion when you're messin' with the message, man
these lyrics aren't for everyone, only few understand
please use discretion when you're messin' with the message, man
these lyrics aren't for everyone, only few understand
my people singin'
my people singin'
my people singin'"
Hometown,Blurryface,"My shadow tilts its head at me
Spirits in the dark are waiting
I will let the wind go quietly
I will let the wind go quietly

Be the one, be the one to take my soul and make it undone
Be the one, be the one to take me home and show me the sun
I know, I know you can bring the fire, I can bring the bones
I know, I know you'll make the fire, my bones will make it grow

Where we're from, there's no sun, our hometown's in the dark
Where we're from, we're no one, our hometown's in the dark
Our hometown's in the dark

My shadow tilts its head at me
Spirits in the dark are waiting
I will let the wind go quietly
I will let the wind go quietly

Put away, put away all the gods your father served today
Put away, put away your traditions, believe me when I say
We don't know, we don't know how to put back the power in our soul
We don't know, we don't know where to find what once was in our bones

Where we're from, there's no sun, our hometown's in the dark
Where we're from, we're no one, our hometown's in the dark
Our hometown's in the dark

My shadow tilts its head at me
Spirits in the dark are waiting
I will let the wind go quietly
I will let the wind go quietly

Where we're from, there's no sun, our hometown's in the dark
Where we're from, we're no one, our hometown's in the dark","my shadow tilts its head at me
spirits in the dark are waiting
i will let the wind go quietly
i will let the wind go quietly
be the one, be the one to take my soul and make it undone
be the one, be the one to take me home and show me the sun
i know, i know you can bring the fire, i can bring the bones
i know, i know you'll make the fire, my bones will make it grow
where we're from, there's no sun, our hometown's in the dark
where we're from, we're no one, our hometown's in the dark
our hometown's in the dark
my shadow tilts its head at me
spirits in the dark are waiting
i will let the wind go quietly
i will let the wind go quietly
put away, put away all the gods your father served today
put away, put away your traditions, believe me when i say
we don't know, we don't know how to put back the power in our soul
we don't know, we don't know where to find what once was in our bones
where we're from, there's no sun, our hometown's in the dark
where we're from, we're no one, our hometown's in the dark
our hometown's in the dark
my shadow tilts its head at me
spirits in the dark are waiting
i will let the wind go quietly
i will let the wind go quietly
where we're from, there's no sun, our hometown's in the dark
where we're from, we're no one, our hometown's in the dark"
Not Today,Blurryface,"I don't know why I just feel I'm better off
Stayin' in the same room I was born in
I look outside and see a whole world better off
Without me in it tryin' to transform it

You are out of my mind, oh
You aren't seein' my side, oh
You waste all this time tryin' to get to me
But you are out of my mind
Yeah

Listen, I know
This one's a contradiction because of how happy it sounds
But the lyrics are so down
It's okay though
Because it represents, wait, better yet, it is
Who I feel I am right now

You are out of my mind, oh
You aren't seein' my side, oh
You waste all this time tryin' to get to me
But you are out of my mind

Heard you say, ""Not today""
Tore the curtains down, windows open, now make a sound
Heard your voice, ""There's no choice""
Tore the curtains down, windows open, now make a noise

Oh, don't you test me though
Just because I play the piano
Doesn't mean I am not willing to take you down
I'm sorry

I'm, I'm out of my mind, oh
I'm not seein' things right, oh
I waste all this time tryin' to run from you
But I'm, I'm out of my mind

Heard you say, ""Not today""
Tore the curtains down, windows open, now make a sound
Heard your voice, ""There's no choice""
Tore the curtains down, windows open, now make a noise

Ooh-ooh, ooh-ooh, yeah, oh
Ooh-ooh, ooh-ooh, yeah, oh
Ooh-ooh-ooh-ooh

You are out of my mind
You aren't seein' my side
You waste all this time tryin' to get to me
But you are out of my mind

Heard you say, ""Not today""
Tore the curtains down, windows open, now make a sound
Heard your voice, ""There's no choice""
Tore the curtains down, windows open, now make a noise

Bah bah bah, bah bah bah (Yeah)
Bah bah bah bah bah, bah bah bah bah bah (Yeah)
(Woah) Bah bah bah, (Yeah) bah bah bah
(No, no) Bah bah bah bah bah, (No, yeah) bah bah bah bah bah
Bah bah bah, bah bah bah (Not today, not today)
Bah bah bah bah bah (Not today), bah bah bah bah bah (Not today)
Bah bah bah (No, not today), bah bah bah (Not today)
(No, no, no, no) Bah bah bah bah bah, bah bah bah bah (No) bah (No)
Ooh-ooh-ooh-ooh","i don't know why i just feel i'm better off
stayin' in the same room i was born in
i look outside and see a whole world better off
without me in it tryin' to transform it
you are out of my mind, oh
you aren't seein' my side, oh
you waste all this time tryin' to get to me
but you are out of my mind
yeah
listen, i know
this one's a contradiction because of how happy it sounds
but the lyrics are so down
it's okay though
because it represents, wait, better yet, it is
who i feel i am right now
you are out of my mind, oh
you aren't seein' my side, oh
you waste all this time tryin' to get to me
but you are out of my mind
heard you say, ""not today""
tore the curtains down, windows open, now make a sound
heard your voice, ""there's no choice""
tore the curtains down, windows open, now make a noise
oh, don't you test me though
just because i play the piano
doesn't mean i am not willing to take you down
i'm sorry
i'm, i'm out of my mind, oh
i'm not seein' things right, oh
i waste all this time tryin' to run from you
but i'm, i'm out of my mind
heard you say, ""not today""
tore the curtains down, windows open, now make a sound
heard your voice, ""there's no choice""
tore the curtains down, windows open, now make a noise
ooh-ooh, ooh-ooh, yeah, oh
ooh-ooh, ooh-ooh, yeah, oh
ooh-ooh-ooh-ooh
you are out of my mind
you aren't seein' my side
you waste all this time tryin' to get to me
but you are out of my mind
heard you say, ""not today""
tore the curtains down, windows open, now make a sound
heard your voice, ""there's no choice""
tore the curtains down, windows open, now make a noise
bah bah bah, bah bah bah
bah bah bah bah bah, bah bah bah bah bah
bah bah bah, bah bah bah
bah bah bah bah bah, bah bah bah bah bah
bah bah bah, bah bah bah
bah bah bah bah bah , bah bah bah bah bah
bah bah bah , bah bah bah
bah bah bah bah bah, bah bah bah bah bah
ooh-ooh-ooh-ooh"
Goner,Blurryface,"I'm a goner, somebody catch my breath
I'm a goner, somebody catch my breath
I wanna be known by you
I wanna be known by you
I'm a goner, somebody catch my breath
I'm a goner, somebody catch my breath
I wanna be known by you
I wanna be known by you

Though I'm weak and beaten down
I'll slip away into this sound
The ghost of you is close to me
I'm inside out, you're underneath

I've got two faces, Blurry's the one I'm not
I've got two faces, Blurry's the one I'm not
I need your help to take him out
I need your help to take him out

Though I'm weak and beaten down
I'll slip away into this sound
The ghost of you is close to me
I'm inside out, you're underneath
Though I'm weak and beaten down
I'll slip away into this sound
The ghost of you is close to me
I'm inside out, you're underneath

Don't let me be gone
Don't let me be gone
Don't let me be gone
Don't let me be gone
Don't let me be!
Don't let me be!
Oh, yeah!

I'm a goner, somebody catch my breath
I'm a goner, somebody catch my breath
I wanna be known by you
I wanna be known by you","i'm a goner, somebody catch my breath
i'm a goner, somebody catch my breath
i wanna be known by you
i wanna be known by you
i'm a goner, somebody catch my breath
i'm a goner, somebody catch my breath
i wanna be known by you
i wanna be known by you
though i'm weak and beaten down
i'll slip away into this sound
the ghost of you is close to me
i'm inside out, you're underneath
i've got two faces, blurry's the one i'm not
i've got two faces, blurry's the one i'm not
i need your help to take him out
i need your help to take him out
though i'm weak and beaten down
i'll slip away into this sound
the ghost of you is close to me
i'm inside out, you're underneath
though i'm weak and beaten down
i'll slip away into this sound
the ghost of you is close to me
i'm inside out, you're underneath
don't let me be gone
don't let me be gone
don't let me be gone
don't let me be gone
don't let me be!
don't let me be!
oh, yeah!
i'm a goner, somebody catch my breath
i'm a goner, somebody catch my breath
i wanna be known by you
i wanna be known by you"
Slowtown,Regional at Best,"Hey, hey
Wouldn't it be great, great
If we could just lay down
And wake up in Slowtown?
Today-day
I wanna go away-way
'Cause things are too fast now
I wanna be in Slowtown

I put my socks on my feet
Just so that my soul won't fall through my toes
And I walk through my door
Just so I don't fall through the floor

I remember when my brother and other kids from neighboring houses
Would get together, I'd ride my bike and my brother would ride his
Put cards in our spokes and make our engines sound like traffic
When using Pokémon cards, please do not use the holographics
So bold and fearless in the risks we'd take
Laugh in the face of gravity as its laws we'd break
On trampolines so high, we'd reach for the sky
But I do not look up anymore, uh, and I don't know why

I put my socks on my feet
Just so that my soul won't fall through my toes
And I walk through my door
Just so I don't fall through the floor

Slow, slow
Slow, slow
Slow, slow
Slow, slow

We're going too fast, fast, save us
We're going too fast, fast, save us
We're going too fast, fast, save us now
We're going too fast, fast, save us
We're going too fast, fast, save us
We're going too fast, fast, save us now
We're going too fast, fast, save us
We're going too fast, fast, save us
We're going too fast, fast, save us now

I walk through my door
(We're going too fast, fast, save us)
Just so I don't fall through the floor
(We're going too fast, fast, save us
We're going too fast, fast, save us now)

Hey, hey
Wouldn't it be great, great
If we could just lay down
And wake up in Slowtown?
Just singin'","hey, hey
wouldn't it be great, great
if we could just lay down
and wake up in slowtown?
today-day
i wanna go away-way
'cause things are too fast now
i wanna be in slowtown
i put my socks on my feet
just so that my soul won't fall through my toes
and i walk through my door
just so i don't fall through the floor
i remember when my brother and other kids from neighboring houses
would get together, i'd ride my bike and my brother would ride his
put cards in our spokes and make our engines sound like traffic
when using pokémon cards, please do not use the holographics
so bold and fearless in the risks we'd take
laugh in the face of gravity as its laws we'd break
on trampolines so high, we'd reach for the sky
but i do not look up anymore, uh, and i don't know why
i put my socks on my feet
just so that my soul won't fall through my toes
and i walk through my door
just so i don't fall through the floor
slow, slow
slow, slow
slow, slow
slow, slow
we're going too fast, fast, save us
we're going too fast, fast, save us
we're going too fast, fast, save us now
we're going too fast, fast, save us
we're going too fast, fast, save us
we're going too fast, fast, save us now
we're going too fast, fast, save us
we're going too fast, fast, save us
we're going too fast, fast, save us now
i walk through my door
just so i don't fall through the floor
(we're going too fast, fast, save us
we're going too fast, fast, save us now)
hey, hey
wouldn't it be great, great
if we could just lay down
and wake up in slowtown?
just singin'"
Forest,Regional at Best,"Ooh, ooh
Ooh, ooh
Ooh

I don't know why I feed on emotion
There's a stomach inside my brain
I don't wanna be heard, I wanna be listened to
Does it bother anyone else that someone else has your name?
Oh, does it bother anyone else that someone else has your name, your name?

I scream, you scream
We all scream, 'cause we're terrified
Of what's around the corner
We stay in place
'Cause we don't wanna lose our lives
So let's think of something better

Down in the forest, we'll sing a chorus
One that everybody knows
Hands held higher, we'll be on fire
Singing songs that nobody wrote

My brain has given up, white flags are hoisted
I took some food for thought, it might be poisoned
The stomach in my brain throws up onto the page
Does it bother anyone else that someone else has your name?
Does it bother anyone else that someone else has your name?

I scream, you scream
We all scream, 'cause we're terrified
Of what's around the corner
We stay in place
'Cause we don't wanna lose our lives
So let's think of something better (Better)
Oh

Down in the forest, we'll sing a chorus
One that everybody knows
Hands held higher, we'll be on fire
Singing songs that nobody wrote

Quickly moving towards the storm, moving forward, torn
Into pieces over reasons of what these storms are for
I don't understand why everything I adore
Takes a different form when I squint my eyes
Have you ever done that? When you squint your eyes
And your eyelashes make it look a little not right
And then when just enough light comes from just the right side
And you find you're not who you're supposed to be?
This is not what you're supposed to see
Please, remember me?
I am supposed to be
King of a kingdom, or swinging on a swing
Something happened to my imagination
The situation's becoming dire
My tree house is on fire
And for some reason I smell gas on my hands
This is not what I had planned
This is not what I had planned
Down in the forest, we'll sing a chorus (Forest, chorus)
Hands held higher, we'll be on fire
Singing songs that nobody wrote

Down in the forest, we'll sing a chorus
One that everybody knows, yeah
Hands held higher, we'll be on fire
Singing songs that nobody wrote

Hands held higher, we'll be on fire
Hands held higher, we'll be on fire (Fire)","ooh, ooh
ooh, ooh
ooh
i don't know why i feed on emotion
there's a stomach inside my brain
i don't wanna be heard, i wanna be listened to
does it bother anyone else that someone else has your name?
oh, does it bother anyone else that someone else has your name, your name?
i scream, you scream
we all scream, 'cause we're terrified
of what's around the corner
we stay in place
'cause we don't wanna lose our lives
so let's think of something better
down in the forest, we'll sing a chorus
one that everybody knows
hands held higher, we'll be on fire
singing songs that nobody wrote
my brain has given up, white flags are hoisted
i took some food for thought, it might be poisoned
the stomach in my brain throws up onto the page
does it bother anyone else that someone else has your name?
does it bother anyone else that someone else has your name?
i scream, you scream
we all scream, 'cause we're terrified
of what's around the corner
we stay in place
'cause we don't wanna lose our lives
so let's think of something better
oh
down in the forest, we'll sing a chorus
one that everybody knows
hands held higher, we'll be on fire
singing songs that nobody wrote
quickly moving towards the storm, moving forward, torn
into pieces over reasons of what these storms are for
i don't understand why everything i adore
takes a different form when i squint my eyes
have you ever done that? when you squint your eyes
and your eyelashes make it look a little not right
and then when just enough light comes from just the right side
and you find you're not who you're supposed to be?
this is not what you're supposed to see
please, remember me?
i am supposed to be
king of a kingdom, or swinging on a swing
something happened to my imagination
the situation's becoming dire
my tree house is on fire
and for some reason i smell gas on my hands
this is not what i had planned
this is not what i had planned
down in the forest, we'll sing a chorus
hands held higher, we'll be on fire
singing songs that nobody wrote
down in the forest, we'll sing a chorus
one that everybody knows, yeah
hands held higher, we'll be on fire
singing songs that nobody wrote
hands held higher, we'll be on fire
hands held higher, we'll be on fire"
Glowing Eyes,Regional at Best,"La, la, da, da
La, la, da, da, da
La, la, da, da
La, la, da, da
La, la, da, da
La, la, da, da, da
La, la, da, da
La, la, da

We all are stranger creatures than when we all started out as kids
Culture forbids
We have romantic fantasies about what dying truly is
Fall off the grid

We live for the night's decor
It reveals what we dream of

I know there's someone at the door
They called for help, of this I'm sure
But do I want to say goodbye
To all the glowing eyes?
I'm holding on to what I know
And what I know, I must let go
But I would rather play a song
For the eyes to sing along

La, la, da, da
La, la, da, da, da
La, la, da, da
La, la, da (The eyes to sing along)
La, la, da, da (Long)
La, la, da, da, da (Long)
La, la, da, da
La, la, da

Oh, oh, oh, oh, oh, oh, oh, oh
Oh, oh, oh, oh, oh, oh, oh, oh
Oh, oh, oh, oh, oh, oh, oh, oh
Oh, oh, oh, oh, oh, oh, oh, oh

We all know somebody who knows somebody who's doing great
I know some people who know people who are flying straight
But I'll kindly enter into rooms of depression
While ceiling fans and idle hands will take my life again

We live for the night's decor
It reveals what we dream of

I know there's someone at the door
They called for help, of this I'm sure
But do I want to say goodbye
To all the glowing eyes?
I'm holding on to what I know
And what I know, I must let go
But I would rather play a song
For the eyes to sing along

This room is far too dark for us to stay around
Redemption's not that far, and darkness is going down
This room is far too dark, for us to stay around
Redemption's not that far, and darkness is going down
La, la, da, da
La, la, da, da, da
La, la, da, da
La, la, da, da
La, la, da, da
La, la, da, da, da
La, la, da, da
La, la, da

I'm holding on to what I know
And what I know, I must let go
But I would rather play a song
For the eyes to sing along

Their eyes will sing along, long, long
Make them stop
Make them stop
Make them stop
Make them stop
Make them stop","la, la, da, da
la, la, da, da, da
la, la, da, da
la, la, da, da
la, la, da, da
la, la, da, da, da
la, la, da, da
la, la, da
we all are stranger creatures than when we all started out as kids
culture forbids
we have romantic fantasies about what dying truly is
fall off the grid
we live for the night's decor
it reveals what we dream of
i know there's someone at the door
they called for help, of this i'm sure
but do i want to say goodbye
to all the glowing eyes?
i'm holding on to what i know
and what i know, i must let go
but i would rather play a song
for the eyes to sing along
la, la, da, da
la, la, da, da, da
la, la, da, da
la, la, da
la, la, da, da
la, la, da, da, da
la, la, da, da
la, la, da
oh, oh, oh, oh, oh, oh, oh, oh
oh, oh, oh, oh, oh, oh, oh, oh
oh, oh, oh, oh, oh, oh, oh, oh
oh, oh, oh, oh, oh, oh, oh, oh
we all know somebody who knows somebody who's doing great
i know some people who know people who are flying straight
but i'll kindly enter into rooms of depression
while ceiling fans and idle hands will take my life again
we live for the night's decor
it reveals what we dream of
i know there's someone at the door
they called for help, of this i'm sure
but do i want to say goodbye
to all the glowing eyes?
i'm holding on to what i know
and what i know, i must let go
but i would rather play a song
for the eyes to sing along
this room is far too dark for us to stay around
redemption's not that far, and darkness is going down
this room is far too dark, for us to stay around
redemption's not that far, and darkness is going down
la, la, da, da
la, la, da, da, da
la, la, da, da
la, la, da, da
la, la, da, da
la, la, da, da, da
la, la, da, da
la, la, da
i'm holding on to what i know
and what i know, i must let go
but i would rather play a song
for the eyes to sing along
their eyes will sing along, long, long
make them stop
make them stop
make them stop
make them stop
make them stop"
Kitchen Sink,Regional at Best,"Nobody thinks what I think
Nobody dreams when they blink
Think things on the brink of blasphemy
I'm my own shrink
Think things are after me, I'm my catastrophe
At my kitchen sink
You don't know what that means
Because a kitchen sink to you is not a kitchen sink to me
Okay, friend?
Are you searching for purpose?
Then write something, yeah, it might be worthless
Then paint something, and it might be wordless
Pointless curses, nonsense verses
You'll see purpose start to surface
No one else is dealing with your demons
Meaning maybe defeating them could be the beginning
Of your meaning, friend

Go away, go away
Go away, go away
Leave me alone, leave me alone
Leave me alone, leave me alone
Leave me alone
Leave me alone
Leave me alone

Nobody thinks what you think, no one
Empathy might be on the brink of extinction
They will play a game
And say they know what you're going through
And I tried to come up with an artistic way to say
They don't know you
And neither do I
So here's a prime example of a stand-up guy who
Hates what he believes and loves it at the same time
Here's my brother
And his head's screwed up, but that's all right

Time gains momentum the moment when I'm living in 'em
I'm winning a momentary, sinning a moment passing after
A re-beginning moment's mending memories
Pretending enemies are friends of me
Sending me straight to bending me
My bad behavior but I bet I could have been a better man
Copy and paste caught me, and copy, better rhymes bother me
The better the rhythm, the badder I am
But I bet I'll battle with 'em battle
Better I am, gamblin' man, better bet I am a gambling man, I am?

Go away, go away
Go away, go away
Leave me alone, leave me alone
Leave me alone, leave me alone

Leave me alone!
Don't leave me alone!
Oh
Oh
Oh
Oh
Oh","nobody thinks what i think
nobody dreams when they blink
think things on the brink of blasphemy
i'm my own shrink
think things are after me, i'm my catastrophe
at my kitchen sink
you don't know what that means
because a kitchen sink to you is not a kitchen sink to me
okay, friend?
are you searching for purpose?
then write something, yeah, it might be worthless
then paint something, and it might be wordless
pointless curses, nonsense verses
you'll see purpose start to surface
no one else is dealing with your demons
meaning maybe defeating them could be the beginning
of your meaning, friend
go away, go away
go away, go away
leave me alone, leave me alone
leave me alone, leave me alone
leave me alone
leave me alone
leave me alone
nobody thinks what you think, no one
empathy might be on the brink of extinction
they will play a game
and say they know what you're going through
and i tried to come up with an artistic way to say
they don't know you
and neither do i
so here's a prime example of a stand-up guy who
hates what he believes and loves it at the same time
here's my brother
and his head's screwed up, but that's all right
time gains momentum the moment when i'm living in 'em
i'm winning a momentary, sinning a moment passing after
a re-beginning moment's mending memories
pretending enemies are friends of me
sending me straight to bending me
my bad behavior but i bet i could have been a better man
copy and paste caught me, and copy, better rhymes bother me
the better the rhythm, the badder i am
but i bet i'll battle with 'em battle
better i am, gamblin' man, better bet i am a gambling man, i am?
go away, go away
go away, go away
leave me alone, leave me alone
leave me alone, leave me alone
leave me alone!
don't leave me alone!
oh
oh
oh
oh
oh"
Anathema,Regional at Best,"You will never know what's behind my skull
So won't you say goodnight, so I can say goodbye?
You will never know what's under my hair
So won't you say goodnight, so I can say goodbye?
You will never know what's under my skin
So won't you say goodnight, so I can say goodbye?
You will never know what is in my veins
So won't you say goodnight, so I can say goodbye?

Won't you go to someone else's dreams? (Else's dreams)
Won't you go to someone else's head? (Else's head)
Haven't you taken enough from me? (Enough from me)
Won't you torture someone else's sleep? (Else's sleep)

And you will never know what I'm thinking of
Won't you go to someone else's dreams?
So won't you say goodnight, so I can say goodbye
Won't you go to someone else's head?
And you will never understand what I believe
Haven't you taken enough from me?
So won't you say goodnight so I can say goodbye?
Won't you torture someone else?

Haven't you taken enough from me?
Won't you torture someone else's sleep?
Won't you go to someone else's dreams?
Won't you go to someone else's head?
Haven't you taken enough from me? (Oh)
Won't you torture someone else's sleep? (Oh)

I start to part two halves of my heart in the dark and I
Don't know where I should go and the tears and the fears begin to multiply
Taking time in a simple place; in my bed where my head rests on a pillowcase
And it's said that a war's lead but I forget that I let another day go by (Ah)
I want to be afraid but it seems that these days
I'm caught underwater and I'm falling farther
My heart's getting harder, I'm calling my father
Am I screaming to an empty sky?
Empty sky, no way, that's me 'cause one half of my heart is free
Empty sky, no way, that's me, 'cause the other half of my heart's asleep","you will never know what's behind my skull
so won't you say goodnight, so i can say goodbye?
you will never know what's under my hair
so won't you say goodnight, so i can say goodbye?
you will never know what's under my skin
so won't you say goodnight, so i can say goodbye?
you will never know what is in my veins
so won't you say goodnight, so i can say goodbye?
won't you go to someone else's dreams?
won't you go to someone else's head?
haven't you taken enough from me?
won't you torture someone else's sleep?
and you will never know what i'm thinking of
won't you go to someone else's dreams?
so won't you say goodnight, so i can say goodbye
won't you go to someone else's head?
and you will never understand what i believe
haven't you taken enough from me?
so won't you say goodnight so i can say goodbye?
won't you torture someone else?
haven't you taken enough from me?
won't you torture someone else's sleep?
won't you go to someone else's dreams?
won't you go to someone else's head?
haven't you taken enough from me?
won't you torture someone else's sleep?
i start to part two halves of my heart in the dark and i
don't know where i should go and the tears and the fears begin to multiply
taking time in a simple place; in my bed where my head rests on a pillowcase
and it's said that a war's lead but i forget that i let another day go by
i want to be afraid but it seems that these days
i'm caught underwater and i'm falling farther
my heart's getting harder, i'm calling my father
am i screaming to an empty sky?
empty sky, no way, that's me 'cause one half of my heart is free
empty sky, no way, that's me, 'cause the other half of my heart's asleep"
Lovely,Regional at Best,"You say things with your mouth, cobwebs and flies come out
I hear a second voice behind your tongue somehow
Luckily I can read your mind, flies and cobwebs unwind
They will not take you down, they will not cast you out, out

Dear friend, here we are again
Pretending to understand how you think your world is ending
Sending signals and red flags in waves
It's hard to tell the difference between blood and water these days
I'll pray that one day you'll see
The only difference between life and dying
Is one is trying, that's all we're called to do
So try to love me and I'll try to save you

Won't you stay alive? I'll take you on a ride
I will make you believe you are lovely
Won't you stay alive? I'll take you on a ride
I will make you believe you are lovely

Your redemption won't grow stale
We are now just setting sail
On the seas of what we fear
Treason now is growing near to me

I'm coming clean
God, hit me straight on
God, hit me straight on

Won't you stay alive? I'll take you on a ride
I will make you believe you are lovely
Won't you stay alive? I'll take you on a ride
I will make you believe you are lovely

Don't be gone, don't be gone
Don't be gone, don't be gone
Don't be gone

You say things with your mouth, cobwebs and flies come out
You say things with your mouth, cobwebs and flies come out
You say things with your mouth, cobwebs and flies come out
You say things with your mouth, cobwebs and flies come out
You say things with your mouth, cobwebs and flies come out
You say things with your mouth, cobwebs and flies come out","you say things with your mouth, cobwebs and flies come out
i hear a second voice behind your tongue somehow
luckily i can read your mind, flies and cobwebs unwind
they will not take you down, they will not cast you out, out
dear friend, here we are again
pretending to understand how you think your world is ending
sending signals and red flags in waves
it's hard to tell the difference between blood and water these days
i'll pray that one day you'll see
the only difference between life and dying
is one is trying, that's all we're called to do
so try to love me and i'll try to save you
won't you stay alive? i'll take you on a ride
i will make you believe you are lovely
won't you stay alive? i'll take you on a ride
i will make you believe you are lovely
your redemption won't grow stale
we are now just setting sail
on the seas of what we fear
treason now is growing near to me
i'm coming clean
god, hit me straight on
god, hit me straight on
won't you stay alive? i'll take you on a ride
i will make you believe you are lovely
won't you stay alive? i'll take you on a ride
i will make you believe you are lovely
don't be gone, don't be gone
don't be gone, don't be gone
don't be gone
you say things with your mouth, cobwebs and flies come out
you say things with your mouth, cobwebs and flies come out
you say things with your mouth, cobwebs and flies come out
you say things with your mouth, cobwebs and flies come out
you say things with your mouth, cobwebs and flies come out
you say things with your mouth, cobwebs and flies come out"
Ruby,Regional at Best,"Ruby, I hope I see you, I've waited all this week
For you to walk my way, your soul will capture me
Your mama painted your room a shade of pink, she said
But with your great arrival, that shade has turned to red

Ruby, take my hand, please lead me to the Promised Land
Tell me, where am I from? Your eyes say, sha-da-dee-da-dum
Ruby, you're royalty, in your homeland, they all call you queen
Tell me, where are you from? Your eyes say, sha-da-dee-da-dum

You're an angel fallen down
Won't you tell us of the clouds?
You have fallen from the sky
How high, how high?
You're an angel fallen down
Won't you tell us of the clouds?
You have fallen from the sky
How high, how high?
(How high, how high?)

You're true and pure
You hold the cure
We're all diseased
You hold the key

You're an angel fallen down
Won't you tell us of the clouds?
You have fallen from the sky
How high, how high? (How high)?

Tell our dad I'm sorry
Tell our dad I'm sorry
Tell our dad I'm sorry
Tell our dad I'm sorry
Tell our dad I'm sorry
Tell our dad I'm sorry
Tell our dad I'm sorry
You're an angel
You're an angel
You're an angel
You're an angel
You're an angel
Tell our dad I'm sorry
Tell our dad I'm sorry
Tell our dad I'm sorry, yeah
You're an angel, you're an angel
(Hey, hey, hey, hey, hey, hey, hey, hey)","ruby, i hope i see you, i've waited all this week
for you to walk my way, your soul will capture me
your mama painted your room a shade of pink, she said
but with your great arrival, that shade has turned to red
ruby, take my hand, please lead me to the promised land
tell me, where am i from? your eyes say, sha-da-dee-da-dum
ruby, you're royalty, in your homeland, they all call you queen
tell me, where are you from? your eyes say, sha-da-dee-da-dum
you're an angel fallen down
won't you tell us of the clouds?
you have fallen from the sky
how high, how high?
you're an angel fallen down
won't you tell us of the clouds?
you have fallen from the sky
how high, how high?
you're true and pure
you hold the cure
we're all diseased
you hold the key
you're an angel fallen down
won't you tell us of the clouds?
you have fallen from the sky
how high, how high? ?
tell our dad i'm sorry
tell our dad i'm sorry
tell our dad i'm sorry
tell our dad i'm sorry
tell our dad i'm sorry
tell our dad i'm sorry
tell our dad i'm sorry
you're an angel
you're an angel
you're an angel
you're an angel
you're an angel
tell our dad i'm sorry
tell our dad i'm sorry
tell our dad i'm sorry, yeah
you're an angel, you're an angel"
Be Concerned,Regional at Best,"Who-o-o-oa, who-o-oa
Who-o-o-oa, who-o-oa
Who-o-o-oa, who-o-oa
Who-o-o-oa, who-o-oa

Where'd you go, huh? They all think I know ya
It's so hard to motivate me to devote
A single inch of me to something I can't see
I don't mean to pry but why would you even make the eyes?
I don't believe my ears and I'm scared of my own head
I will deny you for years then I'll make you raise me from the dead
And if I said that I would live for you for nothing in return
Well, I'm sorry, Mr. Gullible, but lying's all I've learned

So be concerned
(Who-o-o-oa, who-o-oa)
So be concerned
(Who-o-o-oa, who-o-oa)

Uh, uh
No music, and I can talk about anything
Whether or not it's worthwhile, it’s based on who's listenin'
Most of us listen if it's something we can relate to
All of us relate if it's something we've just been through
Taken for granted, trust is damaged and now we panic
Livin' empty handed, livin' lives like we can manage
I can't feel you, but still know where home is, feeling like Jonah did
Almost dropped the bat like every base was fully loaded

So be concerned, yeah (Uh-huh, uh-huh)
(Who-o-o-oa, who-o-oa)
So be concerned (Yeah, yeah)
(Who-o-o-oa, who-o-oa)
You should, yeah

(Okay, alright, um)
I am disappearing inside my bird's eye theories
I tried to say goodbye, defy, and deny what it is I'm fearing
Clearly, I am dying, dearly, I am writing, merely testifying
That a test to fly requires, I pass the test with colors flying
I don't believe you most the time
I'm lying 'cause I say I am fine (Who-o-o-oa, who-o-oa)
You are the pearl, I am the swine
So break my life and take this rhyme (Who-o-o-oa, who-o-oa)
I'm so sorry but I do believe
That all my bridges I have burned
And I've earned a policy of no-return

So be concerned
(Who-o-o-oa, who-o-oa)
So be concerned
(Who-o-o-oa, who-o-oa)
So be concerned
(Who-o-o-oa, who-o-oa)
So be concerned
(Who-o-o-oa, who-o-oa)

Who-o-o-oa, who-o-oa
Who-o-o-oa, who-o-oa
Who-o-o-oa, who-o-oa
Who-o-o-oa, who-o-oa
Who-o-o-oa, who-o-oa
Who-o-o-oa, who-o-oa","who-o-o-oa, who-o-oa
who-o-o-oa, who-o-oa
who-o-o-oa, who-o-oa
who-o-o-oa, who-o-oa
where'd you go, huh? they all think i know ya
it's so hard to motivate me to devote
a single inch of me to something i can't see
i don't mean to pry but why would you even make the eyes?
i don't believe my ears and i'm scared of my own head
i will deny you for years then i'll make you raise me from the dead
and if i said that i would live for you for nothing in return
well, i'm sorry, mr. gullible, but lying's all i've learned
so be concerned
so be concerned
uh, uh
no music, and i can talk about anything
whether or not it's worthwhile, it’s based on who's listenin'
most of us listen if it's something we can relate to
all of us relate if it's something we've just been through
taken for granted, trust is damaged and now we panic
livin' empty handed, livin' lives like we can manage
i can't feel you, but still know where home is, feeling like jonah did
almost dropped the bat like every base was fully loaded
so be concerned, yeah
so be concerned
you should, yeah
i am disappearing inside my bird's eye theories
i tried to say goodbye, defy, and deny what it is i'm fearing
clearly, i am dying, dearly, i am writing, merely testifying
that a test to fly requires, i pass the test with colors flying
i don't believe you most the time
i'm lying 'cause i say i am fine
you are the pearl, i am the swine
so break my life and take this rhyme
i'm so sorry but i do believe
that all my bridges i have burned
and i've earned a policy of no-return
so be concerned
so be concerned
so be concerned
so be concerned
who-o-o-oa, who-o-oa
who-o-o-oa, who-o-oa
who-o-o-oa, who-o-oa
who-o-o-oa, who-o-oa
who-o-o-oa, who-o-oa
who-o-o-oa, who-o-oa"
Clear,Regional at Best,"I wish that I had two faces
To prove which theory works
Yelling on the street corner
Or cleverly maskin' your words
I take my face off at the door
'Cause I don't know who they will take me for
I wonder, if I tell 'em what I did last night
Whether or not I got caught, they just might
Wage war on you, therefore it's true
That I shot my general on my side of enemy lines

I'm the son of all I've done
I'm the son of all I've done
Impostor, been fostered
Then my new father drained my dirty blood
I'm the son of all I've done
I'm the son of all I've done
Impostor, been fostered
Then my new father drained my dirty blood

Oh-ah, oh, oh, oh

I'm not trying to be lying to you
But it takes a clever guy to do what I do
It takes some chivalry and well-placed energy
To subliminally get yourself inside you
Introspection is the name of this session
Spread this infection, reflect it on the next one
The next one, the next one
And when we're done
We'll all have made something new under the sun
I'm not done, I'm not done yet, no
Kick me off the stage and take my microphone
Then you'll walk up to me and when you get close
I'll look you in the face and say, ""Where's your home?
Where're you going and why're you here?""
Have you asked these questions? Have you been sincere?
Wanna know what I believe? It's right here
Dig a little deeper and it's crystal clear, clear, clear, clear

I'm the son of all I've done
I'm the son of all I've done
Impostor, been fostered
Then my new father drained my dirty blood
I'm the son of all I've done
I'm the son of all I've done
Impostor, been fostered
Then my new father drained my dirty blood

Oh, oh
I will tell you what I can
But your mind will take a stand
I sing of a Greater Love
Let me know when you've had enough
I will tell you what I can
But your mind will take a stand
I sing of a Greater Love
Let me know when you've had enough
I will tell you what I can
But your mind will take a stand
I sing of a Greater Love
Let me know when you've had enough","i wish that i had two faces
to prove which theory works
yelling on the street corner
or cleverly maskin' your words
i take my face off at the door
'cause i don't know who they will take me for
i wonder, if i tell 'em what i did last night
whether or not i got caught, they just might
wage war on you, therefore it's true
that i shot my general on my side of enemy lines
i'm the son of all i've done
i'm the son of all i've done
impostor, been fostered
then my new father drained my dirty blood
i'm the son of all i've done
i'm the son of all i've done
impostor, been fostered
then my new father drained my dirty blood
oh-ah, oh, oh, oh
i'm not trying to be lying to you
but it takes a clever guy to do what i do
it takes some chivalry and well-placed energy
to subliminally get yourself inside you
introspection is the name of this session
spread this infection, reflect it on the next one
the next one, the next one
and when we're done
we'll all have made something new under the sun
i'm not done, i'm not done yet, no
kick me off the stage and take my microphone
then you'll walk up to me and when you get close
i'll look you in the face and say, ""where's your home?
where're you going and why're you here?""
have you asked these questions? have you been sincere?
wanna know what i believe? it's right here
dig a little deeper and it's crystal clear, clear, clear, clear
i'm the son of all i've done
i'm the son of all i've done
impostor, been fostered
then my new father drained my dirty blood
i'm the son of all i've done
i'm the son of all i've done
impostor, been fostered
then my new father drained my dirty blood
oh, oh
i will tell you what i can
but your mind will take a stand
i sing of a greater love
let me know when you've had enough
i will tell you what i can
but your mind will take a stand
i sing of a greater love
let me know when you've had enough
i will tell you what i can
but your mind will take a stand
i sing of a greater love
let me know when you've had enough"
House of Gold (Bonus Track),Regional at Best,"She asked me, ""Son, when I grow old
Will you buy me a house of gold?
And when your father turns to stone
Will you take care of me?""

She asked me, ""Son, when I grow old
Will you buy me a house of gold?
And when your father turns to stone
Will you take care of me?""
I will make you queen of everything you see
I'll put you on the map
I'll cure you of disease

Let's say we up and left this town
And turned our future upside down
We'll make pretend that you and me
Lived ever after happily

She asked me, ""Son, when I grow old
Will you buy me a house of gold?
And when your father turns to stone
Will you take care of me?""
I will make you queen of everything you see
I'll put you on the map
I'll cure you of disease

And since we know that dreams are dead
And life turns plans up on their head
I will plan to be a bum
So I just might become someone

She asked me, ""Son, when I grow old
Will you buy me a house of gold?
And when your father turns to stone
Will you take care of me?""
I will make you queen of everything you see
I'll put you on the map
I'll cure you of disease","she asked me, ""son, when i grow old
will you buy me a house of gold?
and when your father turns to stone
will you take care of me?""
she asked me, ""son, when i grow old
will you buy me a house of gold?
and when your father turns to stone
will you take care of me?""
i will make you queen of everything you see
i'll put you on the map
i'll cure you of disease
let's say we up and left this town
and turned our future upside down
we'll make pretend that you and me
lived ever after happily
she asked me, ""son, when i grow old
will you buy me a house of gold?
and when your father turns to stone
will you take care of me?""
i will make you queen of everything you see
i'll put you on the map
i'll cure you of disease
and since we know that dreams are dead
and life turns plans up on their head
i will plan to be a bum
so i just might become someone
she asked me, ""son, when i grow old
will you buy me a house of gold?
and when your father turns to stone
will you take care of me?""
i will make you queen of everything you see
i'll put you on the map
i'll cure you of disease"
Two,Regional at Best,"I'm two
Be gone, you see rain
I'm two
Be gone, you see rain
I'm two
Be gone, you see rain
I'm two
Be gone, you see rain","i'm two
be gone, you see rain
i'm two
be gone, you see rain
i'm two
be gone, you see rain
i'm two
be gone, you see rain"
Heathens,"{'api_path': '/albums/162828', 'cover_art_url': 'https://images.genius.com/c72f79154039b276bbd1eb2045b2e9dd.1000x1000x1.png', 'full_title': 'Bravo Hits, Vol. 94 by Bravo Hits', 'id': 162828, 'name': 'Bravo Hits, Vol. 94', 'primary_artist_names': 'Bravo Hits', 'release_date_for_display': 'July 22, 2016', 'url': 'https://genius.com/albums/Bravo-hits/Bravo-hits-vol-94', 'artist': {'api_path': '/artists/988189', 'header_image_url': 'https://images.genius.com/b8b67fdc82c57bcaf5bd07fcff10e5ce.1000x1000x1.jpg', 'id': 988189, 'image_url': 'https://images.genius.com/b8b67fdc82c57bcaf5bd07fcff10e5ce.1000x1000x1.jpg', 'is_meme_verified': False, 'is_verified': False, 'name': 'Bravo Hits', 'url': 'https://genius.com/artists/Bravo-hits'}, 'primary_artists': [{'api_path': '/artists/988189', 'header_image_url': 'https://images.genius.com/b8b67fdc82c57bcaf5bd07fcff10e5ce.1000x1000x1.jpg', 'id': 988189, 'image_url': 'https://images.genius.com/b8b67fdc82c57bcaf5bd07fcff10e5ce.1000x1000x1.jpg', 'is_meme_verified': False, 'is_verified': False, 'name': 'Bravo Hits', 'url': 'https://genius.com/artists/Bravo-hits'}]}","All my friends are heathens, take it slow (In the city, boy, in the city)
Wait for them to ask you who you know
Please don't make any sudden moves
You don't know the half of the abuse
All my friends are heathens, take it slow
Wait for them to ask you who you know
Please don't make any sudden moves
You don't know the half of the abuse

Welcome to the room of people who have rooms of people
That they loved one day, locked away
Just because we check the guns at the door
Doesn't mean our brains will change from hand grenades
You'll never know the psychopath sitting next to you
You'll never know the murderer sitting next to you
You'll think, ""How'd I get here, sitting next to you?""
But after all I've said, please don't forget

All my friends are heathens, take it slow
Wait for them to ask you who you know
Please don't make any sudden moves
You don't know the half of the abuse

We don't deal with outsiders very well
They say newcomers have a certain smell
You have trust issues, not to mention
They say they can smell your intentions
You'll never know the freak show sitting next to you
You'll have some weird people sitting next to you
You'll think ""How did I get here, sitting next to you?""
But after all I've said, please don't forget
(Watch it)
(Watch it)

All my friends are heathens, take it slow (In the city, boy, in the city)
Wait for them to ask you who you know
Please don't make any sudden moves
You don't know the half of the abuse

All my friends are heathens, take it slow (Watch it)
Wait for them to ask you who you know (Watch it)
Please, all my friends are heathens, take it slow (Watch it)
Wait for them to ask you who you know

Why'd you come? You knew you should have stayed (It's blasphemy)
I tried to warn you just to stay away (Wouldn't listen to me)
And now they're outside, ready to bust (And guess what?)
It looks like you might be one of us","all my friends are heathens, take it slow
wait for them to ask you who you know
please don't make any sudden moves
you don't know the half of the abuse
all my friends are heathens, take it slow
wait for them to ask you who you know
please don't make any sudden moves
you don't know the half of the abuse
welcome to the room of people who have rooms of people
that they loved one day, locked away
just because we check the guns at the door
doesn't mean our brains will change from hand grenades
you'll never know the psychopath sitting next to you
you'll never know the murderer sitting next to you
you'll think, ""how'd i get here, sitting next to you?""
but after all i've said, please don't forget
all my friends are heathens, take it slow
wait for them to ask you who you know
please don't make any sudden moves
you don't know the half of the abuse
we don't deal with outsiders very well
they say newcomers have a certain smell
you have trust issues, not to mention
they say they can smell your intentions
you'll never know the freak show sitting next to you
you'll have some weird people sitting next to you
you'll think ""how did i get here, sitting next to you?""
but after all i've said, please don't forget
all my friends are heathens, take it slow
wait for them to ask you who you know
please don't make any sudden moves
you don't know the half of the abuse
all my friends are heathens, take it slow
wait for them to ask you who you know
please, all my friends are heathens, take it slow
wait for them to ask you who you know
why'd you come? you knew you should have stayed
i tried to warn you just to stay away
and now they're outside, ready to bust
it looks like you might be one of us"
Level of Concern,"{'api_path': '/albums/839209', 'cover_art_url': 'https://images.genius.com/94b85d53b869ab29a052c1897b5a710e.1000x1000x1.png', 'full_title': 'Scaled And Icy (Livestream Version) by twenty one pilots', 'id': 839209, 'name': 'Scaled And Icy (Livestream Version)', 'primary_artist_names': 'twenty one pilots', 'release_date_for_display': 'November 19, 2021', 'url': 'https://genius.com/albums/Twenty-one-pilots/Scaled-and-icy-livestream-version', 'artist': {'api_path': '/artists/23796', 'header_image_url': 'https://images.genius.com/d4c0965bb196853d71c777b5890f7bc0.1000x166x1.png', 'id': 23796, 'image_url': 'https://images.genius.com/2bc8185a856d1c5d699ce21e9e79e010.1000x1000x1.png', 'is_meme_verified': False, 'is_verified': True, 'name': 'twenty one pilots', 'url': 'https://genius.com/artists/Twenty-one-pilots', 'iq': 134}, 'primary_artists': [{'api_path': '/artists/23796', 'header_image_url': 'https://images.genius.com/d4c0965bb196853d71c777b5890f7bc0.1000x166x1.png', 'id': 23796, 'image_url': 'https://images.genius.com/2bc8185a856d1c5d699ce21e9e79e010.1000x1000x1.png', 'is_meme_verified': False, 'is_verified': True, 'name': 'twenty one pilots', 'url': 'https://genius.com/artists/Twenty-one-pilots', 'iq': 134}]}","Need you, tell me
Need you, tell me

Panic on the brain, world has gone insane
Things are starting to get heavy, mm
I can't help but think I haven't felt this way
Since I asked you to go steady

Wonderin' would you be my little quarantine?
Or is this the way it ends?

'Cause I told you my level of concern
But you walked by like you never heard
And you could bring down my level of concern
Just need you to tell me we're alright, tell me we're okay

Panic on the brain, Michael's gone insane
Julie starts to make me nervous
I don't really care what they would say
I'm asking you to stay
In my bunker underneath the surface

Wonderin' would you be (Would you be)
My little quarantine? (Quarantine)
Or is this the way it ends?

'Cause I told you my level of concern
But you walked by like you never heard
And you could bring down my level of concern
Just need you to tell me we're alright, tell me we're okay, yeah

Tell me we're alright, tell me we're okay, yeah
Tell me we're alright, tell me we're okay
Bring down my level of concern
Just need you to tell me we're alright, tell me we're okay, yeah

'Cause I told you my level of concern
But you walked by like you never heard
You could bring down my level of concern
Just need you to tell me we're alright, tell me we're okay
I need you to tell me we're alright, tell me we're okay
Need you to tell me we're alright, tell me we're okay
I need you to tell me we're alright, tell me we're okay
Need you to tell me we're alright, tell me we're okay
Need you now
I need you now

'Cause I told you my level of concern
But you walked by like you never heard
And you could bring down my level of concern
Just need you to tell me we're alright, tell me we're okay, yeah

Tell me we're alright, tell me we're okay, yeah
Tell me we're alright, tell me we're okay
You could bring down my level of concern
Just need you to tell me we're alright, tell me we're okay, yeah

In a world where you could just lie to me (Need you)
And I'd be okay, we'll be okay (Level of concern)
We're gonna be okay (Just need you to tell me we're alright)
Tell me we're okay, I need you
Need you, tell me
Need you, tell me","need you, tell me
need you, tell me
panic on the brain, world has gone insane
things are starting to get heavy, mm
i can't help but think i haven't felt this way
since i asked you to go steady
wonderin' would you be my little quarantine?
or is this the way it ends?
'cause i told you my level of concern
but you walked by like you never heard
and you could bring down my level of concern
just need you to tell me we're alright, tell me we're okay
panic on the brain, michael's gone insane
julie starts to make me nervous
i don't really care what they would say
i'm asking you to stay
in my bunker underneath the surface
wonderin' would you be
my little quarantine?
or is this the way it ends?
'cause i told you my level of concern
but you walked by like you never heard
and you could bring down my level of concern
just need you to tell me we're alright, tell me we're okay, yeah
tell me we're alright, tell me we're okay, yeah
tell me we're alright, tell me we're okay
bring down my level of concern
just need you to tell me we're alright, tell me we're okay, yeah
'cause i told you my level of concern
but you walked by like you never heard
you could bring down my level of concern
just need you to tell me we're alright, tell me we're okay
i need you to tell me we're alright, tell me we're okay
need you to tell me we're alright, tell me we're okay
i need you to tell me we're alright, tell me we're okay
need you to tell me we're alright, tell me we're okay
need you now
i need you now
'cause i told you my level of concern
but you walked by like you never heard
and you could bring down my level of concern
just need you to tell me we're alright, tell me we're okay, yeah
tell me we're alright, tell me we're okay, yeah
tell me we're alright, tell me we're okay
you could bring down my level of concern
just need you to tell me we're alright, tell me we're okay, yeah
in a world where you could just lie to me
and i'd be okay, we'll be okay
we're gonna be okay
tell me we're okay, i need you
need you, tell me
need you, tell me"
