exp,accuracy,f1_macro
a,0.4093333333333333,0.40551647592449075
b,0.4093333333333333,0.40551647592449075
c,0.4033333333333333,0.39606290525494253
d,0.4013333333333333,0.39422226355217127
