exp,accuracy,f1_macro
a,0.9106666666666666,0.9099147235883609
b,0.9106666666666666,0.9099147235883609
c,0.908,0.907082595398999
d,0.908,0.9072415767371845
